,Off Rank,Team,Games,Win-Loss,Off Plays,Off Yards,Off Yards/Play,Off TDs,Off Yards per Game,Def Rank,Def Plays,Yards Allowed,Yards/Play Allowed,Off TDs Allowed,Total TDs Allowed,Yards Per Game Allowed,3rd Down Rank,3rd Attempts,3rd Conversions,3rd Percent,3rd Down Def Rank,Opp 3rd Conversion,Opp 3rd Attempt,Opponent 3rd Percent,4th Down Rank,4th Attempts,4th Conversions,4th Percent,4rd Down Def Rank,Opp 4th Conversion,Opp 4th Attempt,Opponent 4th Percent,Penalty Rank,Penalties,Penalty Yards,Penalty Yards Per Game,First Down Def Rank,Opp First Down Runs,Opp First Down Passes,Opp First Down Penalties,Opp First Downs,First Down Rank,First Down Runs,First Down Passes,First Down Penalties,First Downs,Kickoff Return Def Rank,Opp Kickoff Returns,Kickoff Touchbacks,Opponent Kickoff Return Yards,Opp Kickoff Return Touchdowns Allowed,Avg Yards per Kickoff Return Allowed,Kickoff Return Rank,Kickoffs Returned,Kickoff Return Yards,Kickoff Return Touchdowns,Avg Yard per Kickoff Return,Passing Off Rank,Pass Attempts,Pass Completions,Interceptions Thrown_x,Pass Yards,Pass Yards/Attempt,Yards/Completion,Pass Touchdowns,Pass Yards Per Game,Pass Def Rank,Opp Completions Allowed,Opp Pass Attempts,Opp Pass Yds Allowed,Opp Pass TDs Allowed,Yards/Attempt Allowed,Yards/Completion Allowed,Pass Yards Per Game Allowed,Punt Return Def Rank,Opp Punt Returns,Opp Net Punt Return Yards,Opp Punt Return Touchdowns Allowed,Avg Yards Allowed per Punt Return,Punt Return Rank,Punt Returns,Net Punt Return Yards,Punt Return Touchdowns,Avg Yards Per Punt Return,Redzone Def Rank,Opp Redzone Attempts,Opp Redzone Rush TD Allowed,Opp Redzone Pass Touchdowns Allowed,Opp Redzone Field Goals Made,Opp Redzone Scores,Redzone Points Allowed,Redzone Off Rank,Redzone Attempts,Redzone Rush TD,Redzone Pass TD,Redzone Field Goals Made,Redzone Scores,Redzone Points,Rushing Def Rank,Opp Rush Attempts,Opp Rush Yards Alloweed,Yds/Rush Allowed,Opp Rush Touchdowns Allowed,Rush Yards Per Game Allowed,Rushing Off Rank,Rush Attempts,Rush Yds,Yards/Rush,Rushing TD,Rushing Yards per Game,Scoring Def Rank,Touchdowns Allowed,Opponent Extra Points,2 Point Conversions Allowed,Opp Deflected Extra Points,Opp Field Goals Made,Opp Safety,Points Allowed,Avg Points per Game Allowed,Scoring Off Rank,Touchdowns,PAT,2 Point Conversions,Defensive Points,Field Goals,Safety,Total Points,Points Per Game,Sack Rank,Sacks,Sack Yards,Average Sacks per Game,Tackle for Loss Rank,Solo Tackle For Loss,Assist Tackle For Loss,Tackle for Loss Yards,Total Tackle For Loss,Tackle For Loss Per Game,Time of Possession Rank,Time of Possession,Average Time of Possession per Game,Turnover Rank,Fumbles Recovered,Opponents Intercepted,Turnovers Gain,Fumbles Lost,Interceptions Thrown_y,Turnovers Lost,Turnover Margin,Avg Turnover Margin per Game
0,1,Tennessee (SEC),13,11-2,945,6832,7.23,78,525.5,91,991,5269,5.32,36,37,405.3,42,166,69,0.416,32,65,190,0.342,12,22,33,0.667,28,14,33,0.424,124,105,905,69.62,120,96,178,34,308,14,134,155,41,330,25,41,34,718,0,17.51,67,17,338,0,19.88,5,422,290,3,4239,10.05,14.62,38,326.1,127,333,532,3764,21,7.08,11.3,289.5,6,2,5,0,2.5,5,20,331,1,16.55,13,52,13,14,12,39,0.75,3,67,35,18,10,63,0.94,21,459,1505,3.28,15,115.8,26,523,2593,4.96,40,199.5,36,37,31,2,0,13,0,296,22.8,1,79,75,1,0,16,0,599,46.1,65,27,138,2.08,11,77,34,377,94,7.2,131,325:30,25:02,10,11,11,22,8,3,11,11,0.85
1,2,Washington (Pac-12),13,11-2,975,6705,6.88,65,515.8,60,866,4845,5.59,40,42,372.7,1,183,104,0.568,118,81,182,0.445,37,16,28,0.571,61,18,37,0.486,101,89,786,60.46,90,106,145,25,276,5,113,222,19,354,48,52,28,979,0,18.83,78,25,487,0,19.48,1,575,373,9,4807,8.36,12.89,32,369.8,100,263,418,3269,26,7.82,12.43,251.5,49,9,55,0,6.11,22,11,121,0,11.0,25,41,13,11,8,32,0.78,42,68,28,17,14,59,0.868,26,448,1576,3.52,14,121.2,69,400,1898,4.74,33,146.0,58,42,35,4,0,13,1,336,25.8,7,65,59,3,0,19,2,516,39.7,2,7,54,0.54,80,57,26,318,70,5.4,32,407:29,31:21,61,5,7,12,2,9,11,1,0.08
2,3,Southern California (Pac-12),14,11-3,988,7092,7.18,73,506.6,106,909,5935,6.53,54,54,423.9,2,168,90,0.536,109,73,170,0.429,10,15,22,0.682,120,19,29,0.655,89,88,812,58.0,124,120,162,28,310,4,138,195,26,359,79,50,44,1050,0,21.0,96,36,655,0,18.19,3,515,345,5,4696,9.12,13.61,43,335.4,112,293,460,3698,25,8.04,12.62,264.1,110,7,80,0,11.43,97,17,93,0,5.47,52,56,26,13,7,46,0.821,51,77,26,33,7,66,0.857,80,449,2237,4.98,29,159.8,53,473,2396,5.07,30,171.1,94,54,45,4,0,10,1,409,29.2,3,76,74,1,0,15,1,579,41.4,73,30,247,2.14,70,65,28,371,79,5.6,25,447:15,31:57,1,10,19,29,2,5,7,22,1.57
3,4,UCLA (Pac-12),13,9-4,934,6547,7.01,65,503.6,87,930,5243,5.64,43,45,403.3,6,163,83,0.509,77,71,180,0.394,36,15,26,0.577,128,21,30,0.7,61,84,682,52.46,116,115,159,22,296,12,158,158,18,334,59,26,61,512,0,19.69,57,37,761,0,20.57,34,420,292,12,3463,8.25,11.86,29,266.4,117,318,486,3549,25,7.3,11.16,273.0,106,10,106,1,10.6,102,11,56,0,5.09,105,52,18,16,12,46,0.885,65,69,29,18,11,58,0.841,35,444,1689,3.8,18,129.9,6,514,3084,6.0,36,237.2,90,45,38,6,0,19,0,377,29.0,8,66,63,2,0,15,1,510,39.2,30,19,123,1.46,111,47,26,269,60,4.6,115,359:37,27:40,85,7,11,18,9,12,21,-3,-0.23
4,5,Georgia (SEC),15,15-0,1049,7517,7.17,75,501.1,10,912,4452,4.88,22,23,296.8,5,182,93,0.511,2,53,199,0.266,1,13,15,0.867,11,12,33,0.364,32,66,673,44.87,28,67,141,24,232,1,149,206,20,375,63,23,77,460,0,20.0,68,22,437,0,19.86,15,492,336,7,4437,9.02,13.21,31,295.8,54,294,511,3296,15,6.45,11.21,219.7,129,6,110,1,18.33,15,21,265,0,12.62,2,34,7,6,10,23,0.676,1,83,36,21,24,81,0.976,1,401,1156,2.88,7,77.1,19,557,3080,5.53,44,205.3,5,23,19,0,0,19,0,214,14.3,5,76,73,2,0,27,1,616,41.1,4,9,67,0.6,58,75,32,377,91,6.1,7,504:15,33:37,66,7,12,19,11,7,18,1,0.07
5,6,Oregon (Pac-12),13,10-3,940,6507,6.92,64,500.5,71,855,4955,5.8,41,43,381.2,18,162,75,0.463,123,81,173,0.468,24,20,33,0.606,59,13,27,0.481,84,88,744,57.23,106,94,161,28,283,10,165,158,21,344,125,25,58,630,0,25.2,89,27,508,0,18.81,17,432,308,9,3702,8.57,12.02,30,284.8,102,297,467,3333,24,7.14,11.22,256.4,119,5,68,0,13.6,107,13,64,0,4.92,22,52,16,14,10,40,0.769,64,70,28,21,10,59,0.843,30,388,1622,4.18,17,124.8,12,508,2805,5.52,34,215.8,75,43,41,0,0,19,0,356,27.4,10,66,64,1,0,14,0,504,38.8,1,5,24,0.38,127,40,26,234,53,4.1,34,407:00,31:18,18,5,16,21,3,9,12,9,0.69
6,7,Western Ky. (C-USA),14,9-5,1037,6962,6.71,58,497.3,73,1025,5372,5.24,38,39,383.7,44,188,78,0.415,44,75,210,0.357,106,15,37,0.405,39,14,31,0.452,87,87,805,57.5,119,116,161,27,304,8,113,208,24,345,52,41,39,777,0,18.95,49,23,481,0,20.91,2,623,401,12,4931,7.91,12.3,43,352.2,85,310,498,3305,21,6.64,10.66,236.1,99,8,78,0,9.75,48,15,135,1,9.0,113,45,12,15,13,40,0.889,95,60,13,22,13,48,0.8,61,527,2067,3.92,17,147.6,70,414,2031,4.91,15,145.1,44,39,35,1,0,19,0,328,23.4,15,65,64,1,0,18,0,510,36.4,10,14,92,1.0,97,52,36,301,70,5.0,89,404:03,28:52,17,13,19,32,10,12,22,10,0.71
7,8,Ole Miss (SEC),13,8-5,1001,6453,6.45,55,496.4,75,947,5042,5.32,40,41,387.8,15,187,88,0.471,67,76,197,0.386,79,17,36,0.472,51,17,36,0.472,112,89,826,63.54,95,125,128,24,277,16,176,127,25,328,101,24,41,536,1,22.33,100,25,447,0,17.88,59,387,239,12,3117,8.05,13.04,22,239.8,55,274,431,2858,22,6.63,10.43,219.8,56,11,71,0,6.45,74,16,111,0,6.94,105,52,16,18,12,46,0.885,99,64,28,14,9,51,0.797,89,516,2184,4.23,18,168.0,3,614,3336,5.43,33,256.6,57,41,36,1,0,16,0,332,25.5,29,56,50,1,0,15,1,435,33.5,23,16,104,1.23,51,65,32,360,81,6.2,126,343:17,26:24,76,12,8,20,9,12,21,-1,-0.08
8,9,Ohio St. (Big Ten),13,11-2,876,6379,7.28,72,490.7,14,807,4180,5.18,31,33,321.5,26,166,75,0.452,8,56,187,0.299,5,12,17,0.706,10,9,25,0.36,42,73,624,48.0,5,73,102,20,195,24,113,171,26,310,71,37,46,756,0,20.43,87,17,323,0,19.0,14,410,274,6,3878,9.46,14.15,42,298.3,26,212,360,2606,19,7.24,12.29,200.5,67,9,64,0,7.11,79,15,100,0,6.67,126,29,8,10,9,27,0.931,2,63,23,24,13,60,0.952,25,447,1574,3.52,12,121.1,32,466,2501,5.37,30,192.4,25,33,30,2,1,13,0,273,21.0,2,75,74,0,0,17,0,575,44.2,7,12,82,0.92,34,72,28,334,86,6.6,44,399:42,30:45,20,7,11,18,4,6,10,8,0.62
9,10,Florida St. (ACC),13,10-3,904,6295,6.96,61,484.2,15,863,4183,4.85,32,32,321.8,4,168,86,0.512,38,63,180,0.35,121,8,24,0.333,82,13,24,0.542,94,87,768,59.08,51,117,107,24,248,22,146,143,26,315,75,20,55,411,0,20.55,13,15,351,1,23.4,28,395,249,7,3512,8.89,14.1,28,270.2,4,197,349,2150,18,6.16,10.91,165.4,47,12,72,0,6.0,24,21,227,0,10.81,60,41,13,11,10,34,0.829,61,66,28,18,10,56,0.848,75,514,2033,3.96,14,156.4,13,509,2783,5.47,33,214.1,20,32,29,1,0,15,0,268,20.6,16,62,57,2,0,12,0,469,36.1,38,20,148,1.54,40,63,42,343,84,6.5,38,403:20,31:02,54,8,8,16,7,7,14,2,0.15
10,11,Alabama (SEC),13,11-2,896,6202,6.92,63,477.1,13,901,4137,4.59,27,27,318.2,25,162,74,0.457,10,60,197,0.305,43,9,16,0.562,16,10,26,0.385,123,103,893,68.69,40,93,114,34,241,24,121,164,25,310,24,34,47,593,0,17.44,104,21,372,0,17.71,19,438,280,8,3660,8.36,13.07,37,281.5,17,238,434,2442,12,5.63,10.26,187.8,48,11,67,0,6.09,3,26,435,2,16.73,20,43,12,8,13,33,0.767,25,64,20,24,13,57,0.891,36,466,1695,3.64,15,130.4,30,458,2542,5.55,26,195.5,9,27,22,2,0,16,0,236,18.2,4,67,64,1,0,22,0,534,41.1,45,22,153,1.69,21,67,46,368,90,6.9,63,389:25,29:57,80,7,7,14,8,8,16,-2,-0.15
11,12,UTSA (C-USA),14,11-3,1046,6664,6.37,62,476.0,74,977,5421,5.55,42,44,387.2,10,187,90,0.481,60,79,208,0.38,72,13,27,0.481,30,16,37,0.432,106,98,861,61.5,100,111,142,28,281,3,136,207,19,362,53,43,33,818,0,19.02,73,20,395,1,19.75,13,503,341,9,4210,8.37,12.35,34,300.7,92,273,472,3408,21,7.22,12.48,243.4,19,14,54,0,3.86,101,14,72,0,5.14,44,48,16,11,12,39,0.812,35,64,21,21,14,56,0.875,59,505,2013,3.99,21,143.8,50,543,2454,4.52,28,175.3,59,44,42,3,0,17,0,363,25.9,14,64,59,2,0,22,1,515,36.8,52,26,169,1.86,36,64,56,315,92,6.6,66,415:55,29:43,60,7,15,22,11,9,20,2,0.14
12,13,Oklahoma (Big 12),13,6-7,988,6162,6.24,55,474.0,122,1043,5993,5.75,49,49,461.0,49,195,79,0.405,88,85,208,0.409,113,11,29,0.379,62,14,28,0.5,54,74,652,50.15,131,139,173,23,335,24,155,138,17,310,123,18,58,449,0,24.94,70,24,475,0,19.79,42,407,251,8,3310,8.13,13.19,27,254.6,119,309,499,3556,20,7.13,11.51,273.5,10,12,34,0,2.83,12,12,169,0,14.08,88,58,26,13,11,50,0.862,66,50,24,11,7,42,0.84,106,544,2437,4.48,29,187.5,10,581,2852,4.91,28,219.4,99,49,44,2,0,16,0,390,30.0,32,55,53,2,1,12,1,427,32.8,81,31,160,2.38,5,69,70,407,104,8.0,127,343:01,26:23,24,4,17,21,7,8,15,6,0.46
13,14,SMU (AAC),13,7-6,1005,6147,6.12,62,472.8,112,934,5605,6.0,55,56,431.2,11,203,97,0.478,62,72,189,0.381,27,22,37,0.595,119,24,37,0.649,23,56,550,42.31,108,134,129,21,284,13,122,174,35,331,127,33,47,857,0,25.97,63,18,362,0,20.11,7,513,333,11,4117,8.03,12.36,36,316.7,73,227,399,2958,25,7.41,13.03,227.5,39,8,46,0,5.75,36,15,142,0,9.47,79,52,21,12,11,44,0.846,7,62,23,22,12,57,0.919,120,535,2647,4.95,30,203.6,65,492,2030,4.13,26,156.2,119,56,50,2,0,16,1,440,33.8,12,63,58,0,0,16,0,484,37.2,40,21,150,1.62,97,56,18,308,65,5.0,119,357:38,27:31,80,8,10,18,9,11,20,-2,-0.15
14,15,Arkansas (SEC),13,7-6,962,6128,6.37,53,471.4,124,936,6047,6.46,50,51,465.2,21,194,89,0.459,119,86,191,0.45,85,9,20,0.45,85,12,22,0.545,76,83,722,55.54,115,112,156,27,295,23,167,126,18,311,90,9,64,194,0,21.56,99,9,161,0,17.89,63,357,231,7,3051,8.55,13.21,26,234.7,131,275,449,3831,24,8.53,13.93,294.7,124,10,144,0,14.4,35,16,152,1,9.5,93,54,20,15,12,47,0.87,70,59,25,14,10,49,0.831,94,487,2216,4.55,26,170.5,7,605,3077,5.09,27,236.7,101,51,37,5,0,15,0,398,30.6,35,54,50,3,0,13,2,423,32.5,81,31,221,2.38,56,67,24,332,79,6.1,76,381:29,29:21,67,9,9,18,11,7,18,0,0.0
15,16,UCF (AAC),14,9-5,1066,6574,6.17,57,469.6,69,942,5320,5.65,39,39,380.0,16,209,97,0.464,63,74,194,0.381,17,19,30,0.633,31,13,30,0.433,38,68,649,46.36,104,104,147,31,282,11,165,157,20,342,49,24,53,452,0,18.83,90,34,639,0,18.79,57,451,291,9,3377,7.49,11.6,22,241.2,59,268,454,3112,15,6.85,11.61,222.3,88,17,145,0,8.53,52,24,210,2,8.75,5,58,18,9,14,41,0.707,110,65,28,12,11,51,0.785,78,488,2208,4.52,24,157.7,9,615,3197,5.2,35,228.4,46,39,34,3,0,19,0,331,23.6,31,59,52,4,0,14,2,460,32.9,86,36,207,2.57,76,59,34,281,76,5.4,52,427:35,30:33,100,12,6,18,14,9,23,-5,-0.36
16,17,Utah (Pac-12),14,10-4,1006,6536,6.5,69,466.9,27,807,4677,5.8,38,38,334.1,8,180,91,0.506,15,52,165,0.315,20,18,29,0.621,12,11,30,0.367,17,63,563,40.21,18,82,125,14,221,2,175,156,34,365,84,61,29,1300,0,21.31,97,8,144,0,18.0,50,446,288,10,3489,7.82,12.11,31,249.2,61,253,413,3117,20,7.55,12.32,222.6,2,7,7,0,1.0,66,31,234,0,7.55,104,43,13,17,8,38,0.884,69,73,31,22,8,61,0.836,18,394,1560,3.96,18,111.4,11,560,3047,5.44,38,217.6,27,38,36,2,0,10,1,300,21.4,11,73,69,2,0,10,0,541,38.6,16,15,109,1.07,42,69,42,410,90,6.4,6,471:20,33:40,31,12,12,24,8,10,18,6,0.43
17,18,Ga. Southern (Sun Belt),13,6-7,981,6057,6.17,51,465.9,129,975,6341,6.5,48,49,487.8,13,195,92,0.472,110,80,186,0.43,41,13,23,0.565,74,12,23,0.522,35,66,595,45.77,126,162,141,15,318,17,100,192,35,327,87,28,26,601,0,21.46,112,26,451,0,17.35,4,611,373,16,4279,7.0,11.47,28,329.2,104,254,433,3339,19,7.71,13.15,256.8,111,18,207,0,11.5,45,19,174,1,9.16,16,62,23,6,18,47,0.758,15,52,17,15,15,47,0.904,128,542,3002,5.54,29,230.9,88,370,1778,4.81,23,136.8,109,49,46,1,0,23,0,411,31.6,34,53,49,2,0,18,0,425,32.7,2,7,52,0.54,127,36,34,174,53,4.1,114,359:52,27:41,101,5,11,16,5,16,21,-5,-0.38
18,19,North Carolina (ACC),14,9-5,1034,6479,6.27,62,462.8,116,995,6111,6.14,56,57,436.5,19,201,93,0.463,96,79,189,0.418,11,25,37,0.676,62,14,28,0.5,75,86,774,55.29,128,124,169,29,322,7,124,195,27,346,110,27,55,623,0,23.07,9,22,521,1,23.68,11,526,344,7,4330,8.23,12.59,38,309.3,116,317,482,3798,27,7.88,11.98,271.3,70,21,152,0,7.24,13,16,213,0,13.31,86,50,23,14,6,43,0.86,106,70,19,25,11,55,0.786,86,513,2313,4.51,29,165.2,67,508,2149,4.23,24,153.5,102,57,52,2,0,11,0,431,30.8,26,63,57,1,0,15,0,482,34.4,102,40,204,2.86,130,36,30,191,51,3.6,64,418:51,29:55,67,5,9,14,7,7,14,0,0.0
19,20,Arizona (Pac-12),12,5-7,811,5543,6.83,45,461.9,125,850,5612,6.6,58,60,467.7,39,147,62,0.422,126,64,134,0.478,95,10,23,0.435,93,12,21,0.571,52,65,600,50.0,121,140,139,30,309,40,98,170,22,290,85,20,45,427,0,21.35,105,20,354,0,17.7,6,459,283,13,3821,8.32,13.5,26,318.4,107,280,401,3103,25,7.74,11.08,258.6,82,17,140,1,8.24,69,13,93,0,7.15,98,57,27,18,5,50,0.877,85,54,15,17,12,44,0.815,124,449,2509,5.59,33,209.1,71,352,1722,4.89,19,143.5,126,60,57,0,0,7,0,438,36.5,48,45,38,3,0,18,1,370,30.8,53,23,219,1.92,115,41,26,177,54,4.5,109,336:42,28:03,109,12,3,15,8,13,21,-6,-0.5
20,21,North Texas (C-USA),14,7-7,968,6465,6.68,58,461.8,121,1058,6433,6.08,50,55,459.5,36,189,81,0.429,121,99,216,0.458,41,13,23,0.565,80,16,30,0.533,22,74,591,42.21,130,149,164,15,328,29,131,154,22,307,95,17,66,371,0,21.82,60,43,875,1,20.35,37,432,241,16,3667,8.49,15.22,34,261.9,110,309,487,3669,24,7.53,11.87,262.1,8,12,32,0,2.67,113,11,49,0,4.45,73,57,22,12,14,48,0.842,35,56,19,17,13,49,0.875,116,571,2764,4.84,26,197.4,25,536,2798,5.22,24,199.9,110,55,53,1,0,19,1,444,31.7,28,60,57,1,0,18,0,473,33.8,5,11,71,0.79,115,50,26,257,63,4.5,123,377:44,26:59,107,8,8,16,6,16,22,-6,-0.43
21,22,Texas Tech (Big 12),13,8-5,1094,5998,5.48,54,461.4,108,941,5532,5.88,41,45,425.5,87,211,78,0.37,69,78,202,0.386,16,33,52,0.635,8,11,33,0.333,28,74,576,44.31,77,113,133,21,267,8,136,181,28,345,9,23,41,369,0,16.04,23,30,681,1,22.7,12,569,348,18,3926,6.9,11.28,26,302.0,103,251,425,3338,23,7.85,13.3,256.8,127,10,157,1,15.7,83,17,110,0,6.47,9,58,16,11,16,43,0.741,19,58,26,13,13,52,0.897,91,516,2194,4.25,18,168.8,59,525,2072,3.95,28,159.4,93,45,41,1,0,22,0,379,29.2,27,55,48,2,0,21,0,445,34.2,112,41,255,3.15,19,72,38,343,91,7.0,69,384:53,29:36,108,9,10,19,7,18,25,-6,-0.46
22,23,East Carolina (AAC),13,8-5,906,5994,6.62,53,461.1,88,861,5256,6.1,42,44,404.3,17,181,84,0.464,101,74,175,0.423,87,13,29,0.448,32,10,23,0.435,11,56,488,37.54,87,93,168,14,275,35,104,163,27,294,72,50,19,1023,1,20.46,15,32,740,1,23.12,16,484,323,5,3776,7.8,11.69,28,290.5,129,288,436,3794,27,8.7,13.17,291.8,78,7,54,1,7.71,72,19,134,0,7.05,35,45,13,12,11,36,0.8,51,56,21,15,12,48,0.857,19,425,1462,3.44,15,112.5,54,422,2218,5.26,25,170.6,73,44,41,3,0,14,0,353,27.2,35,55,46,3,0,13,1,423,32.5,27,17,107,1.31,60,56,42,305,77,5.9,43,401:59,30:55,4,9,11,20,2,5,7,13,1.0
23,24,Michigan (Big Ten),14,13-1,970,6423,6.62,65,458.8,6,879,4090,4.65,21,25,292.1,28,186,84,0.452,26,67,198,0.338,2,17,21,0.81,7,9,28,0.321,4,58,448,32.0,16,78,124,14,216,18,177,130,19,326,27,25,72,440,0,17.6,64,20,401,0,20.05,83,370,238,6,3078,8.32,12.93,24,219.9,20,256,458,2719,11,5.94,10.62,194.2,103,8,83,1,10.38,54,33,281,1,8.52,53,34,8,7,13,28,0.824,10,71,32,15,18,65,0.915,7,421,1371,3.26,10,97.9,5,600,3345,5.58,41,238.9,7,25,22,1,0,17,0,225,16.1,6,68,63,4,0,29,0,566,40.4,22,17,139,1.21,87,60,26,356,73,5.2,4,473:11,33:48,21,4,14,18,4,6,10,8,0.57
24,25,Houston (AAC),13,8-5,902,5926,6.57,57,455.8,105,928,5483,5.91,50,52,421.8,24,175,80,0.457,111,77,179,0.43,14,18,28,0.643,91,19,34,0.559,125,103,915,70.38,118,111,162,30,303,30,94,194,18,306,45,29,39,536,0,18.48,42,42,897,1,21.36,8,500,337,10,4082,8.16,12.11,40,314.0,122,304,479,3622,32,7.56,11.91,278.6,40,15,87,0,5.8,10,12,180,1,15.0,125,54,15,20,15,50,0.926,28,62,13,28,14,55,0.887,56,449,1861,4.14,18,143.2,77,402,1844,4.59,17,141.8,112,52,44,1,0,20,0,418,32.2,16,61,55,3,0,14,0,469,36.1,49,23,157,1.77,11,70,48,343,94,7.2,61,391:07,30:05,101,6,8,14,9,10,19,-5,-0.38
25,26,App State (Sun Belt),12,6-6,833,5464,6.56,55,455.3,37,784,4166,5.31,38,42,347.2,79,155,59,0.381,100,71,168,0.423,71,18,37,0.486,62,10,20,0.5,59,67,619,51.58,28,89,121,22,232,54,125,126,25,276,96,25,32,550,2,22.0,4,26,675,1,25.96,48,359,226,6,3011,8.39,13.32,28,250.9,53,218,364,2636,18,7.24,12.09,219.7,32,6,30,1,5.0,106,16,79,0,4.94,43,36,16,8,5,29,0.806,100,54,21,14,8,43,0.796,34,420,1530,3.64,20,127.5,21,474,2453,5.18,27,204.4,67,42,38,2,0,9,0,321,26.8,23,56,50,2,0,9,1,419,34.9,34,18,93,1.5,77,51,28,266,65,5.4,51,367:04,30:35,16,13,7,20,5,6,11,9,0.75
26,27,TCU (Big 12),15,13-2,1020,6825,6.69,70,455.0,95,1072,6123,5.71,54,55,408.2,57,201,80,0.398,52,80,219,0.365,59,14,27,0.519,54,20,42,0.476,50,72,744,49.6,126,132,162,24,318,21,141,154,22,317,108,48,49,1093,0,22.77,62,45,907,0,20.16,39,454,292,8,3926,8.65,13.45,33,261.7,97,284,514,3740,25,7.28,13.17,249.3,55,7,45,0,6.43,18,25,301,2,12.04,78,58,26,11,12,49,0.845,68,61,26,16,9,51,0.836,79,558,2383,4.27,29,158.9,31,566,2899,5.12,37,193.3,90,55,50,2,0,17,0,435,29.0,9,76,68,2,0,18,0,582,38.8,55,29,224,1.93,67,68,36,313,86,5.7,55,456:57,30:28,34,6,16,22,8,8,16,6,0.4
27,28,LSU (SEC),14,10-4,997,6344,6.36,62,453.1,41,930,4964,5.34,35,38,354.6,9,179,87,0.486,73,78,200,0.39,62,11,22,0.5,19,12,30,0.4,68,86,760,54.29,71,118,127,19,264,6,139,177,31,347,116,30,49,706,0,23.53,69,17,337,0,19.82,29,480,322,7,3770,7.85,11.71,23,269.3,32,236,423,2887,17,6.83,12.23,206.2,108,17,186,0,10.94,125,16,52,0,3.25,40,46,15,8,14,37,0.804,48,65,36,11,9,56,0.862,63,507,2077,4.1,18,148.4,41,517,2574,4.98,39,183.9,31,37,34,1,0,17,0,309,22.1,24,65,59,1,0,10,1,483,34.5,116,45,219,3.21,87,52,42,287,73,5.2,41,433:18,30:57,65,11,9,20,12,7,19,1,0.07
28,29,James Madison (Sun Belt),11,8-3,807,4977,6.17,51,452.5,5,672,3184,4.74,25,28,289.5,59,151,60,0.397,6,44,155,0.284,85,9,20,0.45,50,8,17,0.471,15,56,439,39.91,1,44,95,13,152,82,117,122,10,249,54,19,40,362,0,19.05,94,20,368,0,18.4,35,328,201,10,2923,8.91,14.54,27,265.7,41,174,318,2310,17,7.26,13.28,210.0,89,14,120,1,8.57,94,20,114,0,5.7,90,23,5,7,8,20,0.87,67,56,22,15,10,47,0.839,2,354,874,2.47,8,79.5,37,479,2054,4.29,24,186.7,24,28,25,1,1,11,0,230,20.9,13,53,50,1,0,11,2,407,37.0,56,22,141,2.0,2,69,52,337,95,8.6,9,366:05,33:17,36,13,11,24,10,10,20,4,0.36
29,30,Wake Forest (ACC),13,8-5,978,5751,5.88,60,442.4,93,931,5284,5.68,43,45,406.5,20,185,85,0.459,92,83,201,0.413,62,15,30,0.5,48,13,28,0.464,18,62,523,40.23,79,105,148,15,268,14,107,192,31,330,68,51,15,1035,0,20.29,79,16,311,0,19.44,9,473,302,13,4055,8.57,13.43,43,311.9,115,281,467,3506,29,7.51,12.48,269.7,116,8,103,0,12.88,67,18,134,0,7.44,39,51,11,18,12,41,0.804,58,67,15,30,12,57,0.851,46,464,1778,3.83,14,136.8,93,505,1696,3.36,17,130.5,82,45,34,4,0,18,1,368,28.3,16,62,59,1,0,12,0,469,36.1,105,38,222,2.92,30,62,50,403,87,6.7,101,370:56,28:32,85,9,7,16,6,13,19,-3,-0.23
30,31,Tulane (AAC),14,12-2,936,6179,6.6,64,441.4,47,1009,5045,5.0,38,39,360.4,75,172,66,0.384,58,83,222,0.374,29,16,27,0.593,92,25,44,0.568,7,56,480,34.29,87,124,138,13,275,31,146,137,20,303,29,28,47,494,0,17.64,20,33,754,0,22.85,61,379,241,5,3312,8.74,13.74,30,236.6,37,277,463,2913,23,6.29,10.52,208.1,3,8,9,0,1.12,28,23,227,1,9.87,85,41,11,14,10,35,0.854,42,68,29,19,11,59,0.868,70,546,2132,3.9,15,152.3,20,557,2867,5.15,34,204.8,33,39,38,0,0,13,0,311,22.2,19,66,64,0,0,14,1,504,36.0,64,29,149,2.07,104,58,20,227,68,4.9,68,415:04,29:39,37,9,12,21,11,5,16,5,0.36
31,32,Kansas (Big 12),13,6-7,817,5702,6.98,61,438.6,127,992,6102,6.15,58,58,469.4,7,158,80,0.506,125,92,194,0.474,78,9,19,0.474,124,19,28,0.679,39,69,605,46.54,129,143,155,25,323,61,102,147,18,267,114,23,43,539,0,23.43,101,23,410,0,17.83,43,371,242,8,3307,8.91,13.67,32,254.4,108,277,428,3382,21,7.9,12.21,260.2,65,11,76,0,6.91,122,4,15,0,3.75,79,65,32,9,14,55,0.846,39,62,25,21,8,54,0.871,125,564,2720,4.82,37,209.2,39,446,2395,5.37,29,184.2,124,58,52,4,0,17,1,461,35.5,21,63,57,2,0,8,0,463,35.6,7,12,68,0.92,110,48,26,226,61,4.7,90,375:03,28:51,49,10,12,22,11,8,19,3,0.23
32,33,UAB (C-USA),13,7-6,849,5697,6.71,47,438.2,48,879,4691,5.34,39,40,360.8,26,166,75,0.452,85,76,189,0.402,72,13,27,0.481,84,19,35,0.543,102,91,787,60.54,61,108,124,22,254,50,143,109,27,279,112,26,43,607,0,23.35,41,26,556,0,21.38,104,321,194,7,2634,8.21,13.58,15,202.6,21,232,406,2534,16,6.24,10.92,194.9,113,16,191,0,11.94,62,11,86,2,7.82,75,45,21,12,5,38,0.844,112,51,21,10,9,40,0.784,87,473,2157,4.56,23,165.9,8,528,3063,5.8,32,235.6,42,40,35,1,0,8,0,301,23.2,53,50,47,1,0,14,0,391,30.1,40,21,134,1.62,109,47,30,224,62,4.8,26,414:58,31:55,67,8,10,18,11,7,18,0,0.0
33,34,Penn St. (Big Ten),13,11-2,911,5637,6.19,57,433.6,17,912,4205,4.61,26,28,323.5,83,180,68,0.378,22,67,202,0.332,6,21,30,0.7,72,15,29,0.517,46,69,628,48.31,32,93,121,21,235,52,103,153,22,278,57,31,47,604,0,19.48,29,20,447,1,22.35,46,422,270,7,3283,7.78,12.16,29,252.5,46,248,476,2760,12,5.8,11.13,212.3,64,14,95,0,6.79,116,24,105,0,4.38,8,42,11,9,11,31,0.738,17,51,21,18,7,46,0.902,17,436,1445,3.31,14,111.2,45,489,2354,4.81,28,181.1,10,28,25,1,0,14,0,237,18.2,20,61,58,0,0,13,1,465,35.8,40,21,124,1.62,5,86,36,434,104,8.0,49,397:50,30:36,10,12,14,26,8,7,15,11,0.85
34,35,Texas (Big 12),13,8-5,875,5584,6.38,51,429.5,54,970,4789,4.94,32,33,368.4,73,165,64,0.388,89,88,214,0.411,57,12,23,0.522,81,20,37,0.541,40,79,615,47.31,90,95,159,22,276,32,124,147,27,298,22,35,27,603,0,17.23,25,21,472,0,22.48,56,405,248,7,3138,7.75,12.65,22,241.4,91,315,501,3155,18,6.3,10.02,242.7,14,11,34,0,3.09,42,19,176,1,9.26,25,41,10,11,11,32,0.78,19,58,21,15,16,52,0.897,33,469,1634,3.48,14,125.7,36,470,2446,5.2,29,188.2,28,33,31,1,0,16,1,281,21.6,25,55,55,0,0,21,0,448,34.5,30,19,148,1.46,30,64,46,312,87,6.7,121,355:02,27:19,54,4,10,14,5,7,12,2,0.15
35,36,BYU (FBS Independent),13,8-5,830,5542,6.68,51,426.3,94,904,5305,5.87,47,48,408.1,31,156,70,0.449,122,82,178,0.461,127,8,26,0.308,87,15,27,0.556,67,76,702,54.0,114,127,138,28,293,43,122,139,24,285,100,28,37,621,1,22.18,58,22,450,0,20.45,49,392,257,7,3246,8.28,12.63,32,249.7,82,273,408,3046,25,7.47,11.16,234.3,74,12,90,0,7.5,29,13,127,0,9.77,102,60,19,19,15,53,0.883,102,44,11,15,9,35,0.795,98,496,2259,4.55,22,173.8,49,438,2296,5.24,19,176.6,97,48,40,1,0,17,1,383,29.5,44,54,49,1,0,10,1,407,31.3,10,13,69,1.0,129,39,22,225,50,3.8,79,379:13,29:10,54,4,8,12,3,7,10,2,0.15
36,37,Florida (SEC),13,6-7,838,5513,6.58,47,424.1,97,903,5343,5.92,46,48,411.0,50,168,68,0.405,129,87,175,0.497,91,15,34,0.441,32,10,23,0.435,53,89,651,50.08,116,135,140,21,296,72,113,129,18,260,86,21,42,449,0,21.38,34,27,586,0,21.7,77,366,199,9,2910,7.95,14.62,18,223.8,84,240,396,3065,17,7.74,12.77,235.8,79,12,96,0,8.0,59,16,130,0,8.12,71,56,26,10,11,47,0.839,119,52,21,10,8,39,0.75,100,507,2278,4.49,29,175.2,24,472,2603,5.51,29,200.2,87,48,43,1,0,14,0,375,28.8,57,49,42,2,0,14,1,384,29.5,23,16,96,1.23,80,56,28,252,70,5.4,82,377:34,29:03,12,15,9,24,5,9,14,10,0.77
37,38,South Alabama (Sun Belt),13,10-3,953,5508,5.78,47,423.7,25,840,4310,5.13,30,32,331.5,35,195,84,0.431,13,55,176,0.312,39,17,30,0.567,104,15,25,0.6,127,101,920,70.77,44,78,129,36,243,37,108,168,17,293,55,34,31,648,0,19.06,27,26,583,0,22.42,33,448,291,12,3470,7.75,11.92,28,266.9,88,280,472,3102,22,6.57,11.08,238.6,111,16,184,1,11.5,39,24,224,1,9.33,17,42,7,11,14,32,0.762,60,53,18,15,12,45,0.849,4,368,1208,3.28,8,92.9,63,505,2038,4.04,19,156.8,26,32,29,1,0,18,0,277,21.3,47,50,46,2,0,18,1,406,31.2,56,26,161,2.0,48,62,40,341,82,6.3,18,420:00,32:18,42,7,13,20,4,12,16,4,0.31
38,39,Memphis (AAC),13,7-6,947,5478,5.78,53,421.4,51,898,4724,5.26,41,44,363.4,21,194,89,0.459,93,79,191,0.414,52,13,24,0.542,34,11,25,0.44,8,53,479,36.85,58,94,140,18,252,35,116,156,22,294,121,36,34,896,1,24.89,14,29,673,0,23.21,21,454,290,8,3629,7.99,12.51,23,279.2,89,282,449,3137,24,6.99,11.12,241.3,122,14,193,1,13.79,37,27,255,1,9.44,63,42,16,12,7,35,0.833,26,63,27,14,15,56,0.889,28,449,1587,3.53,17,122.1,75,493,1849,3.75,30,142.2,60,44,38,3,0,10,0,338,26.0,22,57,50,2,0,21,0,459,35.3,99,37,237,2.85,105,47,32,210,63,4.8,50,397:40,30:35,24,6,16,22,8,8,16,6,0.46
39,40,Ohio (MAC),14,10-4,957,5897,6.16,51,421.2,109,971,5977,6.16,48,49,426.9,41,187,78,0.417,75,71,181,0.392,119,6,17,0.353,15,13,34,0.382,27,69,618,44.14,124,98,188,24,310,37,110,168,15,293,26,40,32,701,0,17.52,66,56,1115,1,19.91,23,464,302,5,3894,8.39,12.89,28,278.1,126,333,511,4004,29,7.84,12.02,286.0,87,18,153,0,8.5,130,15,31,0,2.07,105,52,16,18,12,46,0.885,24,65,22,19,17,58,0.892,50,460,1973,4.29,19,140.9,73,493,2003,4.06,23,143.1,81,49,45,2,0,17,1,396,28.3,41,54,49,2,0,22,1,445,31.8,50,25,188,1.79,36,68,48,403,92,6.6,20,450:20,32:10,8,13,12,25,8,5,13,12,0.86
40,41,Kansas St. (Big 12),14,10-4,958,5863,6.12,53,418.8,64,948,5252,5.54,36,37,375.1,71,195,76,0.39,27,66,194,0.34,39,17,30,0.567,18,13,33,0.394,26,74,601,42.93,72,105,138,22,265,46,133,132,16,281,12,24,51,403,0,16.79,18,35,804,0,22.97,93,389,242,6,2947,7.58,12.18,21,210.5,64,270,463,3141,21,6.78,11.63,224.4,49,9,55,0,6.11,14,14,185,2,13.21,55,40,14,13,6,33,0.825,23,56,22,10,18,50,0.893,69,485,2111,4.35,15,150.8,15,569,2916,5.12,32,208.3,29,37,29,2,0,17,0,306,21.9,37,56,54,0,0,20,1,452,32.3,34,21,140,1.5,97,61,18,305,70,5.0,28,444:20,31:44,8,8,16,24,6,6,12,12,0.86
41,42,Kent St. (MAC),12,5-7,866,5007,5.78,40,417.2,113,898,5199,5.79,42,42,433.2,46,175,72,0.411,77,71,180,0.394,62,12,24,0.5,100,18,31,0.581,70,81,657,54.75,97,111,151,17,279,56,139,120,15,274,15,34,20,575,0,16.91,19,37,847,0,22.89,89,349,194,8,2582,7.4,13.31,17,215.2,118,281,402,3278,23,8.15,11.67,273.2,53,15,94,0,6.27,61,14,110,1,7.86,56,46,15,10,13,38,0.826,113,49,20,7,11,38,0.776,81,496,1921,3.87,19,160.1,22,517,2425,4.69,23,202.1,90,42,41,0,0,17,2,348,29.0,65,42,36,1,0,17,0,341,28.4,47,21,130,1.75,63,56,28,241,70,5.8,125,320:10,26:41,67,6,7,13,5,8,13,0,0.0
42,43,Georgia St. (Sun Belt),12,4-8,875,5005,5.72,44,417.1,84,836,4792,5.73,44,49,399.3,48,182,74,0.407,95,68,163,0.417,45,15,27,0.556,34,11,25,0.44,119,85,779,64.92,72,124,112,29,265,62,138,105,23,266,115,14,47,329,0,23.5,131,11,103,0,9.36,102,298,174,7,2443,8.2,14.04,18,203.6,74,217,360,2746,22,7.63,12.65,228.8,43,23,135,3,5.87,99,11,58,0,5.27,94,40,17,13,5,35,0.875,73,41,21,8,5,34,0.829,95,476,2046,4.3,22,170.5,14,577,2562,4.44,26,213.5,106,49,44,3,0,10,0,374,31.2,54,47,41,2,0,11,0,360,30.0,96,34,174,2.83,53,46,56,286,74,6.2,111,335:14,27:56,33,12,13,25,13,7,20,5,0.42
43,44,Duke (ACC),13,9-4,884,5404,6.11,51,415.7,68,891,4926,5.53,35,36,378.9,38,172,73,0.424,111,77,179,0.43,44,14,25,0.56,26,11,26,0.423,56,68,657,50.54,81,99,153,18,270,45,128,128,27,283,21,31,45,533,0,17.19,52,31,645,0,20.81,68,400,255,6,3010,7.52,11.8,20,231.5,105,283,465,3345,25,7.19,11.82,257.3,38,13,74,0,5.69,1,13,259,1,19.92,99,41,10,17,9,36,0.878,79,56,24,11,11,46,0.821,27,426,1581,3.71,10,121.6,40,484,2394,4.95,31,184.2,32,36,33,1,0,12,0,287,22.1,32,54,52,0,0,17,0,427,32.8,27,17,107,1.31,80,54,32,373,70,5.4,13,427:13,32:52,2,16,10,26,4,6,10,16,1.23
44,45,Baylor (Big 12),13,6-7,927,5380,5.8,53,413.8,58,898,4823,5.37,42,44,371.0,53,179,72,0.402,120,81,177,0.458,15,30,47,0.638,22,9,22,0.409,20,62,534,41.08,83,123,130,19,272,33,134,138,24,296,105,16,57,361,1,22.56,117,35,596,0,17.03,69,392,247,11,3009,7.68,12.18,19,231.5,62,245,402,2896,17,7.2,11.82,222.8,28,14,66,0,4.71,16,15,189,1,12.6,119,51,23,11,12,46,0.902,95,55,29,10,5,44,0.8,62,496,1927,3.89,25,148.2,43,535,2371,4.43,34,182.4,69,44,39,0,1,14,1,349,26.8,39,56,50,3,0,8,1,418,32.2,45,22,143,1.69,105,50,26,253,63,4.8,30,409:34,31:30,54,6,13,19,6,11,17,2,0.15
45,46,Tulsa (AAC),12,5-7,843,4942,5.86,45,411.8,99,846,4971,5.88,41,47,414.2,63,170,67,0.394,53,66,180,0.367,13,11,17,0.647,101,14,24,0.583,82,74,685,57.08,49,123,105,19,247,75,91,136,30,257,7,28,30,442,0,15.79,128,19,303,0,15.95,24,414,241,10,3278,7.92,13.6,27,273.2,33,195,338,2476,21,7.33,12.7,206.3,115,23,293,2,12.74,104,17,85,0,5.0,117,47,16,9,17,42,0.894,33,50,15,16,13,44,0.88,122,508,2495,4.91,20,207.9,85,429,1664,3.88,18,138.7,117,47,45,1,0,22,1,397,33.1,50,45,44,0,0,17,1,367,30.6,128,45,284,3.75,95,39,44,205,61,5.1,88,346:42,28:54,84,10,6,16,8,10,18,-2,-0.17
46,47,Fla. Atlantic (C-USA),12,5-7,870,4938,5.68,44,411.5,107,845,5097,6.03,40,41,424.8,34,190,82,0.432,48,57,157,0.363,48,11,20,0.55,21,11,27,0.407,89,74,696,58.0,58,95,131,26,252,62,108,128,30,266,14,29,29,488,0,16.83,126,14,224,0,16.0,72,379,217,5,2726,7.19,12.56,25,227.2,96,245,405,2949,25,7.28,12.04,245.8,58,25,164,0,6.56,32,14,136,0,9.71,89,45,13,18,8,39,0.867,101,49,16,17,6,39,0.796,103,440,2148,4.88,15,179.0,38,491,2212,4.51,19,184.3,64,41,36,2,0,11,0,319,26.6,56,47,45,0,0,10,0,357,29.8,19,14,88,1.17,107,43,30,174,58,4.8,91,345:43,28:49,19,9,12,21,8,5,13,8,0.67
47,48,Clemson (ACC),14,11-3,1026,5744,5.6,55,410.3,28,930,4682,5.03,33,36,334.4,12,212,101,0.476,40,69,196,0.352,62,6,12,0.5,14,9,24,0.375,43,76,675,48.21,66,89,143,25,257,20,143,145,33,321,61,15,69,296,0,19.73,21,18,411,0,22.83,66,480,298,10,3253,6.78,10.92,24,232.4,76,299,488,3244,21,6.65,10.85,231.7,105,23,242,1,10.52,73,25,175,0,7.0,56,46,12,14,12,38,0.826,5,62,27,18,13,58,0.935,13,442,1438,3.25,12,102.7,47,546,2491,4.56,31,177.9,23,36,34,0,0,14,0,292,20.9,30,57,51,4,0,20,2,465,33.2,56,28,176,2.0,7,88,46,430,111,7.9,36,437:07,31:13,75,8,13,21,12,10,22,-1,-0.07
48,49,Louisville (ACC),13,8-5,886,5280,5.96,38,406.2,24,848,4292,5.06,30,30,330.2,81,177,67,0.379,21,57,172,0.331,107,12,30,0.4,1,4,21,0.19,120,90,858,66.0,37,110,105,23,238,67,116,125,23,264,36,27,40,490,0,18.15,6,15,371,1,24.73,99,368,218,12,2672,7.26,12.26,13,205.5,22,211,362,2561,17,7.07,12.14,197.0,35,23,127,0,5.52,103,28,141,0,5.04,11,43,10,11,11,32,0.744,71,47,16,7,16,39,0.83,38,486,1731,3.56,13,133.2,23,518,2608,5.03,25,200.6,11,30,30,0,0,13,0,249,19.2,74,42,38,0,0,20,0,350,26.9,65,27,174,2.08,8,75,44,461,97,7.5,62,390:46,30:04,24,15,15,30,12,12,24,6,0.46
49,50,Pittsburgh (ACC),13,9-4,912,5275,5.78,43,405.8,23,833,4289,5.15,36,39,329.9,61,179,71,0.397,17,58,180,0.322,98,9,21,0.429,40,10,22,0.455,113,96,828,63.69,26,71,127,30,228,49,146,120,14,280,10,18,57,298,0,16.56,121,28,467,0,16.68,78,391,223,11,2896,7.41,12.99,13,222.8,77,251,449,3015,23,6.71,12.01,231.9,30,18,87,1,4.83,57,31,254,1,8.19,31,48,12,15,11,38,0.792,71,47,22,6,11,39,0.83,8,384,1274,3.32,13,98.0,42,521,2379,4.57,30,183.0,51,39,34,0,0,16,0,316,24.3,44,49,47,2,0,20,1,407,31.3,30,19,150,1.46,21,72,36,429,90,6.9,10,432:00,33:14,54,8,14,22,9,11,20,2,0.15
50,51,Coastal Carolina (Sun Belt),13,9-4,874,5271,6.03,49,405.5,102,842,5434,6.45,50,51,418.0,37,173,74,0.428,99,69,164,0.421,37,12,21,0.571,56,11,23,0.478,81,81,740,56.92,81,92,156,22,270,44,113,140,31,284,98,33,20,729,0,22.09,84,31,593,1,19.13,53,361,237,6,3200,8.86,13.5,27,246.2,125,256,403,3698,28,9.18,14.45,284.5,90,12,104,0,8.67,78,10,67,0,6.7,63,54,17,13,15,45,0.833,116,42,19,9,4,32,0.762,39,439,1736,3.95,22,133.5,60,513,2071,4.04,22,159.3,111,51,49,1,0,19,0,414,31.8,60,51,46,1,0,8,0,378,29.1,78,30,186,2.31,15,60,66,376,93,7.2,19,419:57,32:18,61,12,9,21,14,6,20,1,0.08
51,52,Oklahoma St. (Big 12),13,7-6,1000,5266,5.27,44,405.1,115,992,5664,5.71,47,47,435.7,103,204,72,0.353,3,54,199,0.271,126,5,16,0.312,79,17,32,0.531,6,46,436,33.54,85,108,149,16,273,41,100,162,27,289,69,35,25,711,0,20.31,11,33,779,1,23.61,20,524,292,18,3634,6.94,12.45,24,279.5,106,286,498,3350,24,6.73,11.71,257.7,95,29,262,0,9.03,48,14,126,1,9.0,90,46,15,12,13,40,0.87,30,52,17,13,16,46,0.885,101,494,2314,4.68,23,178.0,97,476,1632,3.43,20,125.5,89,47,41,4,0,15,0,376,28.9,49,47,44,1,0,22,2,398,30.6,65,27,162,2.08,9,74,44,299,96,7.4,113,361:02,27:46,95,6,13,19,5,18,23,-4,-0.31
52,53,Fresno St. (Mountain West),14,10-4,939,5639,6.01,50,402.8,31,924,4745,5.14,31,31,338.9,23,177,81,0.458,46,73,202,0.361,93,7,16,0.438,51,17,36,0.472,16,63,561,40.07,66,109,122,26,257,27,110,175,24,309,30,33,34,588,0,17.82,26,30,673,0,22.43,27,473,336,9,3788,8.01,11.27,22,270.6,18,232,434,2651,14,6.11,11.43,189.4,86,11,93,0,8.45,1,13,259,2,19.92,35,45,13,9,14,36,0.8,110,65,22,13,16,51,0.785,66,490,2094,4.27,17,149.6,92,466,1851,3.97,28,132.2,14,31,25,2,0,19,0,272,19.4,52,53,50,1,0,18,2,428,30.6,95,39,254,2.79,64,66,30,315,81,5.8,39,434:06,31:00,45,6,12,18,5,9,14,4,0.29
53,54,Toledo (MAC),14,9-5,1019,5624,5.52,54,401.7,18,952,4566,4.8,42,45,326.1,54,209,84,0.402,24,74,221,0.335,29,16,27,0.593,25,10,24,0.417,72,94,770,55.0,34,107,113,16,236,28,131,145,32,308,83,52,20,1104,0,21.23,129,22,342,0,15.55,75,438,246,15,3144,7.18,12.78,31,224.6,12,234,429,2562,17,5.97,10.95,183.0,26,9,41,1,4.56,58,31,252,0,8.13,82,40,19,9,6,34,0.85,29,53,17,20,10,47,0.887,57,523,2005,3.83,25,143.2,48,581,2480,4.27,23,177.1,55,45,37,4,0,12,0,351,25.1,46,56,55,1,0,15,0,438,31.3,56,28,189,2.0,27,72,46,379,95,6.8,67,415:46,29:42,115,6,12,18,11,15,26,-8,-0.57
54,55,Maryland (Big Ten),13,8-5,915,5220,5.7,44,401.5,43,926,4642,5.01,33,34,357.1,43,200,83,0.415,72,77,198,0.389,23,17,28,0.607,45,12,26,0.462,128,101,924,71.08,79,97,132,39,268,68,93,150,20,263,107,17,51,385,0,22.65,72,37,731,0,19.76,40,446,294,8,3383,7.59,11.51,21,260.2,63,267,467,2903,17,6.22,10.87,223.3,23,22,92,0,4.18,81,24,156,0,6.5,48,49,11,14,15,40,0.816,21,48,18,15,10,43,0.896,40,459,1739,3.79,16,133.8,82,469,1837,3.92,23,141.3,42,34,31,0,0,22,0,301,23.2,67,44,39,2,1,19,0,366,28.2,119,43,291,3.31,102,59,10,260,64,4.9,42,402:00,30:55,61,7,9,16,7,8,15,1,0.08
55,56,Purdue (Big Ten),14,8-6,1049,5597,5.34,43,399.8,53,890,5137,5.77,47,50,366.9,76,209,80,0.383,36,66,189,0.349,49,18,33,0.545,62,10,20,0.5,66,75,751,53.64,64,95,134,27,256,19,111,178,34,323,50,28,38,528,0,18.86,109,29,504,0,17.38,22,583,369,17,3903,6.69,10.58,26,278.8,67,238,415,3149,28,7.59,13.23,224.9,40,20,116,0,5.8,71,23,164,0,7.13,56,46,15,16,7,38,0.826,6,54,16,19,15,50,0.926,52,475,1988,4.19,19,142.0,103,466,1694,3.64,17,121.0,74,50,43,2,0,12,0,383,27.4,75,46,42,0,0,18,0,372,26.6,56,28,197,2.0,119,53,18,284,62,4.4,23,447:32,31:58,79,6,15,21,6,17,23,-2,-0.14
56,57,West Virginia (Big 12),12,5-7,870,4788,5.5,44,399.0,98,820,4947,6.03,46,50,412.2,45,177,73,0.412,87,66,162,0.407,8,22,32,0.688,93,16,28,0.571,63,77,636,53.0,69,102,136,22,260,50,111,131,37,279,78,39,24,814,1,20.87,103,25,444,0,17.76,71,425,254,12,2730,6.42,10.75,20,227.5,111,229,386,3152,22,8.17,13.76,262.7,9,7,19,0,2.71,89,12,73,0,6.08,69,43,19,10,7,36,0.837,12,46,19,10,13,42,0.913,67,434,1795,4.14,24,149.6,52,445,2058,4.62,24,171.5,116,50,46,1,1,15,0,395,32.9,50,47,39,1,1,14,0,367,30.6,44,20,144,1.67,68,52,32,287,68,5.7,33,375:47,31:19,119,6,4,10,6,12,18,-8,-0.67
57,58,Marshall (Sun Belt),13,9-4,963,5173,5.37,36,397.9,8,840,3829,4.56,22,25,294.5,78,207,79,0.382,1,44,187,0.235,131,5,21,0.238,29,12,28,0.429,121,94,859,66.08,9,68,107,25,200,60,152,101,19,272,73,17,27,349,1,20.53,81,20,386,0,19.3,110,366,225,10,2496,6.82,11.09,16,192.0,27,217,421,2620,12,6.22,12.07,201.5,45,15,89,0,5.93,87,22,140,1,6.36,19,30,9,6,8,23,0.767,125,49,15,10,10,35,0.714,5,419,1209,2.89,10,93.0,17,597,2677,4.48,20,205.9,6,25,20,1,0,12,0,208,16.0,90,40,37,0,1,13,0,318,24.5,94,36,219,2.77,21,61,58,343,90,6.9,27,414:54,31:55,12,11,18,29,9,10,19,10,0.77
58,59,Air Force (Mountain West),13,10-3,889,5163,5.81,45,397.2,1,657,3307,5.03,20,20,254.4,30,176,79,0.449,4,39,140,0.279,3,21,29,0.724,22,9,22,0.409,1,51,386,29.69,2,71,91,6,168,65,224,32,9,265,16,35,28,593,0,16.94,130,5,54,0,10.8,131,87,41,2,916,10.53,22.34,8,70.5,2,170,291,2068,10,7.11,12.16,159.1,15,9,28,0,3.11,127,4,11,0,2.75,13,28,6,6,9,21,0.75,44,45,27,2,10,39,0.867,6,366,1239,3.39,10,95.3,1,802,4247,5.3,37,326.7,3,20,16,1,0,12,0,174,13.4,69,45,44,0,0,16,0,362,27.8,7,12,26,0.92,86,52,32,287,68,5.2,1,475:11,36:33,49,7,9,16,11,2,13,3,0.23
59,60,Notre Dame (FBS Independent),13,9-4,870,5150,5.92,50,396.2,22,831,4281,5.15,36,39,329.3,14,176,83,0.472,49,61,168,0.363,93,7,16,0.438,40,10,22,0.455,23,60,550,42.31,27,98,108,25,231,46,139,123,19,281,47,19,49,356,0,18.74,82,18,347,0,19.28,98,338,211,11,2692,7.96,12.76,25,207.1,23,232,395,2574,20,6.52,11.09,198.0,80,10,81,0,8.1,27,23,233,1,10.13,130,34,14,13,5,32,0.941,50,50,24,11,8,43,0.86,37,436,1707,3.92,16,131.3,35,532,2458,4.62,25,189.1,39,39,31,2,0,10,0,299,23.0,42,53,49,1,0,14,1,413,31.8,40,21,128,1.62,40,57,54,362,84,6.5,24,415:32,31:58,85,5,10,15,7,11,18,-3,-0.23
60,61,Oregon St. (Pac-12),13,10-3,846,5148,6.09,52,396.0,26,834,4326,5.19,28,31,332.8,32,154,67,0.435,71,69,178,0.388,7,16,23,0.696,5,8,26,0.308,69,78,711,54.69,34,94,122,20,236,39,147,123,21,291,117,34,37,805,1,23.68,17,29,667,0,23.0,105,322,201,13,2594,8.06,12.91,16,199.5,65,266,459,2919,11,6.36,10.97,224.5,104,10,104,0,10.4,9,19,304,2,16.0,1,42,13,7,8,28,0.667,84,60,30,10,9,49,0.817,15,375,1407,3.75,17,108.2,28,524,2554,4.87,36,196.5,16,31,29,0,0,15,0,260,20.0,38,56,48,1,0,11,0,419,32.2,17,14,103,1.08,75,48,46,282,71,5.5,22,415:34,31:58,76,5,12,17,5,13,18,-1,-0.08
61,62,Mississippi St. (SEC),13,9-4,929,5108,5.5,48,392.9,35,871,4492,5.16,35,36,345.5,65,176,69,0.392,25,61,182,0.335,60,15,29,0.517,45,12,26,0.462,103,82,790,60.77,38,97,110,33,240,33,70,198,28,296,35,33,38,596,0,18.06,1,29,807,1,27.83,10,634,428,9,4046,6.38,9.45,36,311.2,42,253,423,2734,15,6.46,10.81,210.3,71,16,117,1,7.31,26,21,213,1,10.14,49,44,14,11,11,36,0.818,26,45,9,24,7,40,0.889,41,447,1745,3.9,20,134.2,130,295,1062,3.6,12,81.7,40,36,31,1,0,17,0,300,23.1,43,55,45,0,0,12,0,411,31.6,56,26,243,2.0,34,57,58,312,86,6.6,77,379:46,29:13,42,9,14,23,10,9,19,4,0.31
62,63,Louisiana Tech (C-USA),12,3-9,833,4704,5.65,39,392.0,126,863,5625,6.52,54,58,468.8,92,177,65,0.367,113,71,165,0.43,103,13,31,0.419,121,18,27,0.667,117,82,771,64.25,110,140,124,26,290,92,84,121,29,234,42,26,35,479,0,18.42,45,35,744,0,21.26,32,434,254,19,3207,7.39,12.63,25,267.2,69,219,386,2707,20,7.01,12.36,225.6,121,8,110,2,13.75,17,19,236,0,12.42,67,55,21,11,14,46,0.836,125,49,11,12,12,35,0.714,130,477,2918,6.12,34,243.2,99,399,1497,3.75,14,124.8,128,58,54,1,0,17,0,455,37.9,61,42,38,2,0,18,0,348,29.0,90,32,210,2.67,113,43,24,229,55,4.6,70,354:59,29:35,91,11,11,22,6,19,25,-3,-0.25
63,64,South Fla. (AAC),12,1-11,767,4690,6.11,43,390.8,131,835,6199,7.42,62,64,516.6,68,151,59,0.391,130,73,145,0.503,84,14,31,0.452,108,14,23,0.609,9,55,443,36.92,121,134,159,16,309,92,113,105,16,234,43,9,50,166,0,18.44,47,47,994,1,21.15,108,326,188,9,2315,7.1,12.31,18,192.9,124,275,375,3384,25,9.02,12.31,282.0,97,8,77,0,9.62,56,12,100,0,8.33,66,61,24,13,14,51,0.836,57,47,18,14,8,40,0.851,129,460,2815,6.12,37,234.6,27,441,2375,5.39,25,197.9,130,64,61,1,0,15,1,494,41.2,68,44,37,4,0,9,0,336,28.0,19,14,92,1.17,90,52,20,199,62,5.2,74,353:41,29:28,97,10,6,16,11,9,20,-4,-0.33
64,65,Minnesota (Big Ten),13,9-4,862,5064,5.87,45,389.5,9,772,3836,4.97,18,18,295.1,3,167,87,0.521,5,46,165,0.279,49,6,11,0.545,87,15,27,0.556,3,46,413,31.77,7,79,109,11,199,46,162,105,14,281,90,9,59,194,0,21.56,10,23,543,0,23.61,116,281,172,9,2369,8.43,13.77,12,182.2,15,230,396,2419,8,6.11,10.52,186.1,29,11,52,0,4.73,90,13,78,0,6.0,115,28,9,3,13,25,0.893,56,54,30,7,9,46,0.852,16,376,1417,3.77,10,109.0,16,581,2695,4.64,33,207.3,4,18,18,0,0,18,0,180,13.8,66,46,46,0,0,15,0,367,28.2,18,15,101,1.15,131,39,16,169,47,3.6,3,448:49,34:31,24,4,15,19,4,9,13,6,0.46
65,66,Liberty (FBS Independent),13,8-5,889,5062,5.69,45,389.4,36,906,4500,4.97,36,39,346.2,94,175,64,0.366,33,66,192,0.344,82,11,24,0.458,86,16,29,0.552,65,80,696,53.54,41,101,113,28,242,62,112,131,23,266,38,22,44,401,0,18.23,53,39,807,1,20.69,88,396,230,15,2817,7.11,12.25,21,216.7,25,229,390,2598,16,6.66,11.34,199.8,109,15,165,0,11.0,118,18,74,0,4.11,56,46,15,11,12,38,0.826,104,47,18,11,8,37,0.787,60,516,1902,3.69,20,146.3,51,493,2245,4.55,24,172.7,53,39,33,3,0,15,1,320,24.6,71,46,41,2,0,11,2,358,27.5,112,41,224,3.15,1,85,72,510,121,9.3,98,372:10,28:38,85,10,14,24,12,15,27,-3,-0.23
66,67,Arizona St. (Pac-12),12,3-9,788,4646,5.9,39,387.2,104,841,5058,6.01,45,46,421.5,59,151,60,0.397,127,82,166,0.494,26,12,20,0.6,24,7,17,0.412,129,87,868,72.33,109,120,138,30,288,78,88,145,22,255,37,24,31,437,0,18.21,7,33,797,0,24.15,47,403,270,9,3023,7.5,11.2,18,251.9,79,246,406,2801,14,6.9,11.39,233.4,114,21,265,1,12.62,124,19,63,0,3.32,115,56,28,10,12,50,0.893,62,46,18,14,7,39,0.848,107,435,2257,5.19,31,188.1,90,385,1623,4.22,21,135.2,107,46,43,2,0,18,0,377,31.4,79,40,34,3,0,11,0,313,26.1,80,28,213,2.33,124,39,22,182,50,4.2,47,368:29,30:42,109,1,11,12,9,9,18,-6,-0.5
67,68,Charlotte (C-USA),12,3-9,800,4645,5.81,40,387.1,128,820,5805,7.08,57,62,483.8,62,159,63,0.396,117,64,144,0.444,119,12,34,0.353,114,17,27,0.63,96,81,714,59.5,112,130,136,26,292,78,81,146,28,255,77,13,28,271,0,20.85,86,44,838,0,19.05,26,429,257,14,3252,7.58,12.65,27,271.0,121,240,343,3342,28,9.74,13.92,278.5,4,9,19,1,2.11,65,14,107,0,7.64,54,57,23,13,11,47,0.825,46,37,10,19,3,32,0.865,121,477,2463,5.16,29,205.2,109,371,1393,3.75,13,116.1,129,62,53,3,0,14,0,473,39.4,91,41,36,1,0,3,0,293,24.4,96,34,236,2.83,90,46,32,196,62,5.2,71,354:52,29:34,119,4,9,13,7,14,21,-8,-0.67
68,69,Boise St. (Mountain West),14,10-4,935,5414,5.79,47,386.7,7,862,4095,4.75,29,33,292.5,58,191,76,0.398,14,63,200,0.315,33,10,17,0.588,56,11,23,0.478,41,78,664,47.43,11,102,89,13,204,58,140,121,12,273,89,41,37,883,1,21.54,24,23,518,0,22.52,111,385,229,9,2668,6.93,11.65,20,190.6,5,187,362,2348,13,6.49,12.56,167.7,131,10,187,3,18.7,80,25,164,1,6.56,35,35,14,2,12,28,0.8,47,59,21,14,16,51,0.864,31,500,1747,3.49,16,124.8,29,550,2746,4.99,27,196.1,15,33,31,1,0,14,0,273,19.5,58,49,48,1,0,23,0,413,29.5,10,14,111,1.0,64,61,40,339,81,5.8,48,429:23,30:40,52,5,15,20,8,9,17,3,0.21
69,70,UTEP (C-USA),12,5-7,844,4618,5.47,29,384.8,40,721,4230,5.87,36,41,352.5,69,169,66,0.391,35,49,141,0.348,47,16,29,0.552,130,10,14,0.714,78,78,669,55.75,23,91,112,23,226,81,112,119,21,252,93,15,40,324,0,21.6,115,20,342,0,17.1,86,380,202,12,2612,6.87,12.93,15,217.7,50,180,318,2598,23,8.17,14.43,216.5,84,16,133,0,8.31,92,17,100,1,5.88,33,44,11,14,10,35,0.795,95,40,11,7,14,32,0.8,45,403,1632,4.05,13,136.0,56,464,2006,4.32,14,167.2,72,41,37,1,0,13,0,324,27.0,91,32,31,1,0,22,1,293,24.4,56,24,203,2.0,44,52,48,286,76,6.3,5,405:30,33:47,105,11,5,16,9,12,21,-5,-0.42
70,71,Ball St. (MAC),12,5-7,898,4610,5.13,32,384.2,82,947,4781,5.05,40,40,398.4,90,185,68,0.368,82,80,202,0.396,129,6,22,0.273,71,16,31,0.516,79,72,671,55.92,97,126,128,25,279,76,95,135,26,256,44,31,10,572,0,18.45,39,22,473,0,21.5,70,481,287,14,2742,5.7,9.55,18,228.5,49,241,416,2593,17,6.23,10.76,216.1,59,17,112,0,6.59,115,13,57,0,4.38,75,45,19,10,9,38,0.844,31,42,10,15,12,37,0.881,105,531,2188,4.12,23,182.3,66,417,1868,4.48,14,155.7,70,40,35,2,0,14,1,323,26.9,99,33,28,1,0,17,0,279,23.2,19,14,121,1.17,77,48,34,251,65,5.4,110,336:03,28:00,109,8,7,15,7,14,21,-6,-0.5
71,72,Illinois (Big Ten),13,8-5,939,4928,5.25,33,379.1,3,810,3556,4.39,15,16,273.5,80,187,71,0.38,9,55,183,0.301,75,12,25,0.48,38,9,20,0.45,105,85,798,61.38,7,67,106,26,199,55,117,135,23,275,67,25,34,506,0,20.24,75,16,315,0,19.69,92,395,275,5,2753,6.97,10.01,15,211.8,8,213,415,2259,9,5.44,10.61,173.8,76,8,61,0,7.62,86,23,147,0,6.39,10,31,6,5,12,23,0.742,93,51,15,9,17,41,0.804,10,395,1297,3.28,6,99.8,55,544,2175,4.0,18,167.3,1,16,13,0,0,19,0,166,12.8,95,36,34,1,0,21,0,315,24.2,74,28,179,2.15,51,63,36,341,81,6.2,15,425:56,32:46,3,8,24,32,12,5,17,15,1.15
72,73,South Carolina (SEC),13,8-5,832,4925,5.92,50,378.8,89,926,5261,5.68,47,48,404.7,74,160,62,0.388,114,79,182,0.434,31,13,22,0.591,87,10,18,0.556,115,90,829,63.77,112,139,122,31,292,84,95,126,26,247,23,19,50,328,0,17.26,5,23,578,1,25.13,41,421,281,14,3380,8.03,12.03,23,260.0,34,217,404,2687,24,6.65,12.38,206.7,27,20,92,0,4.6,4,14,232,2,16.57,63,54,20,16,9,45,0.833,63,52,24,13,7,44,0.846,117,522,2574,4.93,23,198.0,106,411,1545,3.76,27,118.8,87,48,45,1,0,12,2,375,28.8,39,55,45,5,0,11,0,418,32.2,81,31,188,2.38,121,45,24,258,57,4.4,97,372:57,28:41,95,8,15,23,13,14,27,-4,-0.31
73,74,Auburn (SEC),12,5-7,796,4542,5.71,34,378.5,79,859,4743,5.52,43,45,395.2,98,177,64,0.362,105,76,179,0.425,31,13,22,0.591,62,6,12,0.5,85,90,688,57.33,46,109,119,17,245,105,120,88,9,217,102,31,16,694,1,22.39,114,23,396,0,17.22,119,308,159,12,2072,6.73,13.03,9,172.7,60,238,412,2671,15,6.48,11.22,222.6,21,10,41,0,4.1,55,20,170,0,8.5,114,46,24,7,10,41,0.891,31,42,18,6,13,37,0.881,97,447,2072,4.64,28,172.7,18,488,2470,5.06,25,205.8,98,45,42,0,0,14,0,354,29.5,87,35,31,1,0,18,0,297,24.8,90,32,196,2.67,90,54,16,269,62,5.2,60,362:44,30:14,122,7,6,13,11,12,23,-10,-0.83
74,75,Buffalo (MAC),13,7-6,1002,4903,4.89,40,377.2,78,847,5127,6.05,42,44,394.4,67,212,83,0.392,41,61,173,0.353,27,22,37,0.595,26,11,26,0.423,57,72,665,51.15,46,95,124,26,245,42,120,143,24,287,113,24,44,561,1,23.38,54,32,660,0,20.62,62,463,273,8,3059,6.61,11.21,18,235.3,72,234,410,2949,19,7.19,12.6,226.8,123,18,253,0,14.06,131,10,10,0,1.0,90,46,17,13,10,40,0.87,13,44,17,10,13,40,0.909,90,438,2185,4.99,23,168.1,77,539,1844,3.42,22,141.8,66,44,38,2,0,13,1,347,26.7,64,43,41,0,0,24,0,371,28.5,84,32,190,2.46,48,60,44,320,82,6.3,12,430:02,33:05,12,15,13,28,10,8,18,10,0.77
75,76,Syracuse (ACC),13,7-6,816,4872,5.97,40,374.8,21,872,4272,4.9,35,38,328.6,86,154,57,0.37,86,70,174,0.402,112,5,13,0.385,40,10,22,0.455,110,111,819,63.0,57,121,114,16,251,68,101,138,24,263,109,26,42,593,0,22.81,3,19,497,0,26.16,67,372,229,10,3020,8.12,13.19,19,232.3,14,246,369,2403,18,6.51,9.77,184.8,77,19,146,0,7.68,63,25,195,0,7.8,72,44,14,13,10,37,0.841,35,48,18,11,13,42,0.875,58,503,1869,3.72,17,143.8,74,444,1852,4.17,21,142.5,40,38,32,1,0,12,1,300,23.1,70,43,40,1,0,20,0,360,27.7,119,43,268,3.31,56,63,32,320,79,6.1,93,374:11,28:47,35,9,10,19,4,10,14,5,0.38
76,77,Rice (C-USA),13,5-8,862,4867,5.65,40,374.4,76,784,5080,6.48,50,57,390.8,47,173,71,0.41,91,66,160,0.412,81,13,28,0.464,53,9,19,0.474,62,78,683,52.54,48,106,113,27,246,71,109,130,22,261,118,26,32,616,0,23.69,108,24,418,0,17.42,65,403,233,20,3028,7.51,13.0,23,232.9,38,210,345,2712,29,7.86,12.91,208.6,93,17,152,1,8.94,50,18,161,0,8.94,105,52,14,22,10,46,0.885,92,46,16,10,11,37,0.804,104,439,2368,5.39,21,182.2,81,459,1839,4.01,17,141.5,121,57,55,1,0,15,0,444,34.2,84,42,38,1,0,12,0,328,25.2,92,35,222,2.69,111,47,26,245,60,4.6,14,426:28,32:48,128,11,8,19,12,20,32,-13,-1.0
77,78,Middle Tenn. (C-USA),13,8-5,965,4853,5.03,41,373.3,96,962,5323,5.53,43,46,409.5,107,202,69,0.342,65,75,196,0.383,34,21,36,0.583,44,17,37,0.459,91,85,758,58.31,97,92,164,23,279,68,74,152,37,263,58,54,13,1057,1,19.57,32,15,330,0,22.0,36,512,341,11,3442,6.72,10.09,21,264.8,130,294,510,3805,29,7.46,12.94,292.7,42,22,129,0,5.86,34,18,172,2,9.56,4,49,11,14,9,34,0.694,94,56,17,14,14,45,0.804,23,452,1518,3.36,14,116.8,114,453,1411,3.11,20,108.5,78,46,43,0,0,13,1,360,27.7,62,47,45,0,0,16,0,375,28.8,99,37,276,2.85,24,70,38,412,89,6.8,94,373:51,28:45,5,10,20,30,7,11,18,12,0.92
78,79,NIU (MAC),12,3-9,806,4477,5.55,37,373.1,80,807,4748,5.88,46,50,395.7,66,171,67,0.392,116,72,164,0.439,95,10,23,0.435,115,14,22,0.636,108,76,750,62.5,77,97,143,27,267,102,106,103,16,225,3,36,17,516,0,14.33,120,26,434,0,16.69,115,328,185,14,2192,6.68,11.85,18,182.7,101,224,361,3034,32,8.4,13.54,252.8,57,12,78,0,6.5,129,6,13,0,2.17,122,47,14,18,11,43,0.915,18,40,12,12,12,36,0.9,53,446,1714,3.84,14,142.8,34,478,2285,4.78,19,190.4,115,50,49,0,0,14,1,393,32.8,73,39,31,4,0,18,0,327,27.2,10,12,81,1.0,83,50,28,284,64,5.3,45,368:55,30:45,38,12,8,20,2,14,16,4,0.33
79,80,Akron (MAC),12,2-10,875,4472,5.11,31,372.7,92,813,4874,6.0,47,51,406.2,106,171,59,0.345,39,57,162,0.352,76,11,23,0.478,125,17,25,0.68,99,80,721,60.08,60,111,118,24,253,58,78,167,28,273,51,36,10,681,0,18.92,37,43,927,0,21.56,18,502,323,12,3397,6.77,10.52,15,283.1,93,213,355,2925,22,8.24,13.73,243.8,73,19,141,0,7.42,85,19,122,0,6.42,81,53,23,10,12,45,0.849,49,43,14,10,13,37,0.86,82,458,1949,4.26,25,162.4,126,373,1075,2.88,16,89.6,118,51,48,0,0,16,0,402,33.5,107,32,28,0,0,13,1,261,21.8,130,55,379,4.58,107,43,30,201,58,4.8,54,365:50,30:29,129,4,9,13,14,12,26,-13,-1.08
80,81,Cincinnati (AAC),13,9-4,841,4840,5.76,41,372.3,29,944,4361,4.62,33,33,335.5,96,182,66,0.363,66,79,205,0.385,21,13,21,0.619,43,11,24,0.458,118,98,837,64.38,75,117,114,35,266,91,85,146,10,241,18,20,45,339,0,16.95,43,23,491,1,21.35,55,415,248,8,3154,7.6,12.72,22,242.6,11,215,391,2369,15,6.06,11.02,182.2,16,23,80,0,3.48,20,14,159,0,11.36,17,42,13,11,8,32,0.762,16,41,13,9,15,37,0.902,72,553,1992,3.6,18,153.2,94,426,1686,3.96,19,129.7,20,33,30,0,0,12,2,268,20.6,59,46,45,1,0,19,0,380,29.2,105,38,304,2.92,15,70,46,363,93,7.2,107,367:27,28:16,24,10,11,21,7,8,15,6,0.46
81,82,Missouri (SEC),13,6-7,886,4809,5.43,34,369.9,34,840,4431,5.28,37,41,340.8,64,193,76,0.394,34,64,186,0.344,62,10,20,0.5,93,12,21,0.571,113,101,828,63.69,41,98,116,28,242,88,102,122,18,242,1,11,56,150,0,13.64,125,14,228,0,16.29,91,395,250,9,2778,7.03,11.11,14,213.7,48,235,393,2799,18,7.12,11.91,215.3,126,13,204,1,15.69,21,13,147,1,11.31,94,40,17,9,9,35,0.875,91,47,19,9,10,38,0.809,32,447,1632,3.65,19,125.5,64,491,2031,4.14,20,156.2,56,41,39,0,0,14,0,327,25.2,86,37,33,1,0,22,0,323,24.8,65,27,173,2.08,15,80,26,329,93,7.2,8,433:50,33:22,85,7,11,18,12,9,21,-3,-0.23
82,83,Iowa St. (Big 12),12,4-8,872,4437,5.09,29,369.8,4,725,3427,4.73,28,30,285.6,40,191,80,0.419,7,45,156,0.288,45,15,27,0.556,103,10,17,0.588,36,67,553,46.08,4,79,90,19,188,85,73,153,19,245,65,37,13,745,0,20.14,123,21,348,0,16.57,38,479,313,15,3141,6.56,10.04,19,261.8,10,190,322,2139,20,6.64,11.26,178.2,7,11,29,0,2.64,98,12,65,0,5.42,121,32,7,15,7,29,0.906,128,44,9,13,9,31,0.705,14,403,1288,3.2,8,107.3,116,393,1296,3.3,10,108.0,18,30,30,0,0,11,0,243,20.2,114,29,27,1,0,13,0,242,20.2,75,26,193,2.17,83,44,40,245,64,5.3,17,388:02,32:20,116,8,7,15,7,15,22,-7,-0.58
83,84,San Jose St. (Mountain West),12,7-5,774,4419,5.71,42,368.2,33,804,4079,5.07,30,33,339.9,93,150,55,0.367,76,67,170,0.394,89,8,18,0.444,109,16,26,0.615,48,70,587,48.92,22,92,117,16,225,86,69,143,32,244,6,37,12,570,2,15.41,110,22,382,0,17.36,25,431,260,7,3270,7.59,12.58,23,272.5,52,213,351,2612,15,7.44,12.26,217.7,118,8,105,1,13.12,81,6,39,0,6.5,6,39,13,9,6,28,0.718,77,52,16,15,12,43,0.827,29,453,1467,3.24,15,122.2,123,343,1149,3.35,19,95.8,30,33,28,2,1,10,1,264,22.0,72,42,37,1,0,12,1,329,27.4,123,42,292,3.5,14,71,30,352,86,7.2,99,343:05,28:35,6,6,14,20,2,7,9,11,0.92
84,85,Central Mich. (MAC),12,4-8,834,4407,5.28,38,367.2,62,864,4492,5.2,41,44,374.3,101,169,60,0.355,20,60,182,0.33,49,18,33,0.545,45,12,26,0.462,111,84,758,63.17,49,105,126,16,247,88,96,119,27,242,31,21,23,376,0,17.9,46,33,701,0,21.24,96,390,219,10,2497,6.4,11.4,16,208.1,58,229,386,2663,21,6.9,11.63,221.9,72,11,81,0,7.36,108,21,103,0,4.9,23,44,13,15,6,34,0.773,122,42,19,10,2,31,0.738,67,478,1795,3.76,20,149.6,61,444,1910,4.3,22,159.2,80,44,39,2,0,9,2,338,28.2,87,40,27,6,0,6,0,297,24.8,87,31,215,2.58,3,78,44,415,100,8.3,108,338:48,28:14,130,6,4,10,18,10,28,-18,-1.5
85,86,Miami (FL) (ACC),12,5-7,827,4405,5.33,30,367.1,65,761,4518,5.94,38,40,376.5,51,166,67,0.404,98,68,162,0.42,105,9,22,0.409,104,9,15,0.6,97,85,720,60.0,20,94,107,22,223,76,100,131,25,256,39,13,37,237,0,18.23,2,35,930,1,26.57,60,413,255,12,2868,6.94,11.25,18,239.0,80,204,335,2803,20,8.37,13.74,233.6,17,15,57,0,3.8,29,13,127,0,9.77,61,47,17,10,12,39,0.83,87,48,12,14,13,39,0.812,54,426,1715,4.03,18,142.9,96,414,1537,3.71,12,128.1,67,40,40,0,0,13,1,321,26.8,97,33,32,1,0,17,0,283,23.6,109,36,274,3.0,19,62,44,289,84,7.0,46,368:30,30:42,91,8,14,22,13,12,25,-3,-0.25
86,87,Army West Point (FBS Independent),12,6-6,752,4393,5.84,43,366.1,45,748,4308,5.76,34,34,359.0,33,159,69,0.434,70,55,142,0.387,53,16,30,0.533,54,10,21,0.476,13,58,467,38.92,28,125,93,14,232,111,175,27,10,212,13,23,32,387,0,16.83,107,12,211,0,17.58,130,104,42,4,920,8.85,21.9,5,76.7,3,167,275,1920,15,6.98,11.5,160.0,52,8,50,0,6.25,31,12,117,3,9.75,20,43,15,10,8,33,0.767,38,39,26,1,7,34,0.872,119,473,2388,5.05,19,199.0,2,648,3473,5.36,38,289.4,34,34,33,0,0,11,0,270,22.5,63,46,43,0,0,8,0,343,28.6,10,12,85,1.0,122,31,42,187,52,4.3,29,379:39,31:38,38,7,10,17,9,4,13,4,0.33
87,88,Eastern Mich. (MAC),13,9-4,895,4741,5.3,48,364.7,66,872,4901,5.62,46,47,377.0,29,178,80,0.449,106,75,176,0.426,82,11,24,0.458,104,12,20,0.6,130,103,955,73.46,87,107,130,38,275,53,119,128,30,277,82,36,34,762,0,21.17,87,40,760,1,19.0,76,392,244,12,2911,7.43,11.93,23,223.9,57,226,400,2872,23,7.18,12.71,220.9,36,18,100,0,5.56,93,9,52,0,5.78,124,50,17,17,12,46,0.92,4,49,23,14,9,46,0.939,74,472,2029,4.3,23,156.1,83,503,1830,3.64,25,140.8,85,47,40,0,0,16,0,370,28.5,55,49,47,1,1,14,0,387,29.8,84,32,246,2.46,117,46,24,233,58,4.5,35,406:37,31:17,61,7,13,20,7,12,19,1,0.08
88,89,California (Pac-12),12,4-8,785,4375,5.57,33,364.6,111,883,5143,5.82,42,43,428.6,102,167,59,0.353,74,66,169,0.391,57,12,23,0.522,98,15,26,0.577,29,63,535,44.58,100,107,162,12,281,97,68,139,24,231,62,23,29,456,0,19.83,97,19,342,0,18.0,31,466,291,9,3216,6.9,11.05,23,268.0,123,300,457,3354,23,7.34,11.18,279.5,100,23,228,1,9.91,23,22,240,0,10.91,44,48,17,16,6,39,0.812,78,40,8,16,9,33,0.825,64,426,1789,4.2,19,149.1,122,319,1159,3.63,10,96.6,79,43,39,2,0,11,0,334,27.8,96,36,31,2,0,12,0,287,23.9,87,31,251,2.58,120,38,30,201,53,4.4,96,344:30,28:42,22,7,11,18,3,9,12,6,0.5
89,90,Louisiana (Sun Belt),13,6-7,898,4738,5.28,37,364.5,50,888,4702,5.3,36,38,361.7,77,186,71,0.382,79,75,190,0.395,62,17,34,0.5,62,14,28,0.5,77,85,724,55.69,51,101,119,28,248,78,114,125,16,255,8,34,20,538,0,15.82,95,26,474,0,18.23,79,442,253,10,2893,6.55,11.43,27,222.5,56,244,424,2861,18,6.75,11.73,220.1,69,17,122,0,7.18,7,27,442,2,16.37,94,40,14,11,10,35,0.875,114,44,9,15,10,34,0.773,51,464,1841,3.97,18,141.6,76,456,1845,4.05,10,141.9,37,38,29,1,0,12,1,297,22.8,78,40,38,0,1,20,0,340,26.2,51,24,122,1.85,96,46,40,249,66,5.1,75,382:52,29:27,42,8,15,23,9,10,19,4,0.31
90,91,Wisconsin (Big Ten),13,7-6,827,4727,5.72,42,363.6,11,819,3946,4.82,32,33,303.5,52,169,68,0.402,17,58,180,0.322,80,7,15,0.467,62,11,22,0.5,88,81,751,57.77,12,70,118,19,207,92,103,110,21,234,5,23,32,352,0,15.3,12,27,635,0,23.52,114,326,188,11,2390,7.33,12.71,21,183.8,29,222,376,2656,18,7.06,11.96,204.3,96,20,181,0,9.05,95,24,132,0,5.5,25,41,13,11,8,32,0.78,82,44,15,13,8,36,0.818,9,443,1290,2.91,14,99.2,46,501,2337,4.66,21,179.8,17,33,32,0,0,11,0,263,20.2,77,44,42,0,0,12,0,342,26.3,65,27,170,2.08,38,65,40,331,85,6.5,37,404:39,31:08,54,3,17,20,7,11,18,2,0.15
91,92,Stanford (Pac-12),12,3-9,824,4339,5.27,29,361.6,114,794,5209,6.56,47,50,434.1,82,164,62,0.378,31,53,155,0.342,56,11,21,0.524,131,17,23,0.739,21,55,495,41.25,72,135,107,23,265,82,78,145,26,249,19,11,40,188,0,17.09,74,45,888,0,19.73,44,448,275,8,3051,6.81,11.09,15,254.2,40,203,351,2516,22,7.17,12.39,209.7,66,22,154,0,7.0,116,16,70,0,4.38,24,45,14,12,9,35,0.778,39,31,13,8,6,27,0.871,127,443,2693,6.08,25,224.4,117,376,1288,3.43,14,107.3,113,50,45,1,0,13,0,386,32.2,109,29,24,2,0,18,0,256,21.3,122,41,209,3.42,73,52,30,266,67,5.6,65,358:49,29:54,122,5,6,11,13,8,21,-10,-0.83
92,93,Texas A&M (SEC),12,5-7,757,4331,5.72,30,360.9,52,847,4380,5.17,28,31,365.0,99,153,55,0.359,43,62,174,0.356,116,4,11,0.364,62,11,22,0.5,49,76,589,49.08,53,129,95,25,249,92,94,110,30,234,131,6,47,200,1,33.33,30,23,510,1,22.17,84,391,220,6,2633,6.73,11.97,18,219.4,1,184,327,1874,15,5.73,10.18,156.2,25,13,58,0,4.46,95,22,121,0,5.5,7,44,12,10,10,32,0.727,22,38,11,12,11,34,0.895,123,520,2506,4.82,13,208.8,80,366,1698,4.64,12,141.5,22,30,29,0,0,13,0,248,20.7,101,33,31,1,0,14,0,273,22.8,71,25,151,2.08,61,57,28,241,71,5.9,112,334:22,27:52,78,12,4,16,11,6,17,-1,-0.08
93,94,Washington St. (Pac-12),13,7-6,867,4689,5.41,41,360.7,86,895,5230,5.84,36,38,402.3,95,176,64,0.364,61,68,179,0.38,87,13,29,0.448,17,12,31,0.387,34,70,589,45.31,75,111,136,19,266,73,84,149,25,258,94,18,41,391,0,21.72,36,27,584,0,21.63,45,500,323,9,3300,6.6,10.22,24,253.8,114,286,460,3480,19,7.57,12.17,267.7,20,14,55,0,3.93,46,24,219,0,9.12,15,45,15,10,9,34,0.756,8,48,16,19,9,44,0.917,42,435,1750,4.02,17,134.6,118,367,1389,3.78,17,106.8,38,38,30,1,0,12,1,298,22.9,80,44,40,1,0,11,0,339,26.1,125,46,303,3.54,55,59,42,352,80,6.2,116,359:15,27:38,49,9,12,21,9,9,18,3,0.23
94,95,Troy (Sun Belt),14,12-2,897,5038,5.62,41,359.9,19,976,4574,4.69,29,29,326.7,112,174,58,0.333,81,81,205,0.395,19,17,27,0.63,72,15,29,0.517,51,76,699,49.93,90,109,144,23,276,56,101,145,28,274,28,23,45,405,0,17.61,113,19,328,0,17.26,54,401,251,15,3400,8.48,13.55,20,242.9,36,290,484,2896,14,5.98,9.99,206.9,62,18,121,0,6.72,38,14,132,0,9.43,25,41,14,9,9,32,0.78,87,48,17,9,13,39,0.812,24,492,1678,3.41,15,119.9,107,496,1638,3.3,21,117.0,8,29,23,0,0,13,2,240,17.1,81,44,41,1,0,17,0,358,25.6,118,46,277,3.29,70,52,54,386,79,5.6,53,427:01,30:30,31,14,13,27,6,15,21,6,0.43
95,96,Utah St. (Mountain West),13,6-7,948,4606,4.86,32,354.3,83,902,5189,5.75,46,49,399.2,114,201,66,0.328,94,77,186,0.414,61,18,35,0.514,93,8,14,0.571,131,111,1007,77.46,96,130,120,28,278,73,115,116,27,258,60,23,22,453,0,19.7,65,30,600,1,20.0,107,398,230,21,2537,6.37,11.03,18,195.2,31,204,372,2665,27,7.16,13.06,205.0,33,16,86,0,5.38,51,21,187,1,8.9,129,47,13,19,12,44,0.936,129,37,10,8,8,26,0.703,113,530,2524,4.76,19,194.2,62,550,2069,3.76,14,159.2,105,49,45,3,0,20,0,405,31.2,104,36,33,1,0,12,1,289,22.2,78,30,156,2.31,11,59,70,310,94,7.2,92,374:24,28:48,121,7,11,18,6,21,27,-9,-0.69
96,97,Michigan St. (Big Ten),12,5-7,773,4236,5.48,39,353.0,101,860,4998,5.81,40,41,416.5,72,152,59,0.388,115,77,177,0.435,104,12,29,0.414,109,16,26,0.615,71,70,659,54.92,83,114,140,18,272,88,80,134,28,242,70,31,13,633,1,20.42,93,23,424,0,18.43,58,412,258,12,2880,6.99,11.16,23,240.0,87,239,360,2855,26,7.93,11.95,237.9,45,15,89,0,5.93,41,17,158,0,9.29,30,47,12,17,8,37,0.787,124,39,15,10,3,28,0.718,102,500,2143,4.29,14,178.6,111,361,1356,3.76,16,113.0,76,41,38,2,0,13,1,329,27.4,91,40,31,2,0,6,0,293,24.4,34,18,139,1.5,44,56,40,320,76,6.3,128,314:41,26:13,97,10,2,12,4,12,16,-4,-0.33
97,98,UNLV (Mountain West),12,5-7,763,4225,5.54,33,352.1,72,839,4599,5.48,40,41,383.2,116,155,50,0.323,56,60,161,0.373,62,10,20,0.5,107,17,28,0.607,82,69,685,57.08,56,116,111,23,250,111,88,108,16,212,11,28,22,465,1,16.61,50,19,396,0,20.84,90,361,227,7,2580,7.15,11.37,15,215.0,70,223,358,2709,21,7.57,12.15,225.8,83,20,165,0,8.25,88,10,61,0,6.1,34,54,17,11,15,43,0.796,59,40,14,9,11,34,0.85,77,481,1890,3.93,19,157.5,87,402,1645,4.09,18,137.1,86,41,38,1,0,18,1,342,28.5,76,37,34,2,0,18,1,316,26.3,111,37,216,3.08,90,56,12,248,62,5.2,95,345:05,28:45,22,6,15,21,8,7,15,6,0.5
98,99,Temple (AAC),12,3-9,802,4206,5.24,29,350.5,77,832,4694,5.64,42,44,391.2,113,173,57,0.329,47,63,174,0.362,102,14,33,0.424,62,13,26,0.5,10,55,444,37.0,28,110,110,12,232,104,47,155,19,221,88,36,6,773,1,21.47,124,41,673,0,16.41,30,484,288,12,3217,6.65,11.17,18,268.1,24,209,326,2383,21,7.31,11.4,198.6,22,13,54,0,4.15,123,13,45,0,3.46,44,48,15,13,11,39,0.812,54,34,8,11,10,29,0.853,112,506,2311,4.57,21,192.6,129,318,989,3.11,11,82.4,95,44,43,1,0,14,0,351,29.2,105,32,28,1,0,13,1,263,21.9,6,10,58,0.83,10,74,28,341,88,7.3,117,331:06,27:36,125,6,6,12,11,12,23,-11,-0.92
99,100,Southern Miss. (Sun Belt),13,7-6,825,4541,5.5,35,349.3,59,896,4838,5.4,36,36,372.2,109,179,61,0.341,50,72,198,0.364,18,12,19,0.632,3,6,26,0.231,92,86,759,58.38,53,102,126,21,249,96,100,109,24,233,103,25,36,560,0,22.4,55,23,474,0,20.61,97,347,191,14,2698,7.78,14.13,20,207.5,81,244,410,3042,21,7.42,12.47,234.0,54,10,64,0,6.4,19,24,286,0,11.92,73,38,13,8,11,32,0.842,90,37,8,7,15,30,0.811,47,486,1796,3.7,15,138.2,79,478,1843,3.86,15,141.8,45,36,33,1,1,17,1,306,23.5,83,39,37,0,0,18,2,329,25.3,89,34,207,2.62,4,77,62,407,108,8.3,100,371:25,28:34,85,5,17,22,11,14,25,-3,-0.23
100,101,Vanderbilt (SEC),12,5-7,791,4167,5.27,35,347.2,123,796,5536,6.95,54,56,461.3,89,171,63,0.368,83,60,151,0.397,113,11,29,0.379,36,12,27,0.444,36,63,553,46.08,64,90,145,21,256,115,94,93,23,210,56,23,26,448,0,19.48,44,24,511,0,21.29,112,346,200,6,2248,6.5,11.24,22,187.3,128,257,399,3486,29,8.74,13.56,290.5,125,25,379,1,15.16,112,9,42,0,4.67,75,45,13,15,10,38,0.844,51,35,10,14,6,30,0.857,96,397,2050,5.16,25,170.8,58,445,1919,4.31,13,159.9,125,56,51,0,0,15,0,432,36.0,89,39,36,2,0,7,0,295,24.6,26,15,87,1.25,85,48,30,190,63,5.2,21,384:40,32:03,67,10,6,16,10,6,16,0,0.0
101,102,Nebraska (Big Ten),12,4-8,761,4130,5.43,34,344.2,100,907,4973,5.48,40,41,414.4,56,165,66,0.4,103,75,177,0.424,98,3,7,0.429,121,10,15,0.667,25,65,510,42.5,90,133,129,14,276,105,84,111,22,217,32,15,36,270,0,18.0,116,26,444,0,17.08,82,341,205,13,2650,7.77,12.93,17,220.8,68,243,408,2704,18,6.63,11.13,225.3,94,20,179,0,8.95,6,4,66,1,16.5,120,41,16,11,10,37,0.902,54,34,15,7,7,29,0.853,109,499,2269,4.55,22,189.1,100,420,1480,3.52,17,123.3,77,41,37,0,0,16,0,331,27.6,102,35,34,0,0,9,0,271,22.6,93,32,247,2.71,97,47,26,232,60,5.0,124,320:45,26:44,91,7,9,16,6,13,19,-3,-0.25
102,103,Virginia (ACC),10,3-7,670,3441,5.14,20,344.1,44,719,3576,4.97,22,26,357.6,117,137,44,0.321,54,57,154,0.37,110,7,18,0.389,93,8,14,0.571,107,70,622,62.2,13,85,103,20,208,125,74,92,25,191,122,13,25,324,0,24.92,32,20,440,0,22.0,81,341,185,12,2210,6.48,11.95,7,221.0,30,191,312,2044,10,6.55,10.7,204.4,117,24,314,0,13.08,109,13,63,0,4.85,101,34,10,5,15,30,0.882,119,32,12,4,8,24,0.75,71,407,1532,3.76,12,153.2,102,329,1231,3.74,13,123.1,49,26,25,1,0,19,0,240,24.0,126,20,17,0,0,11,0,170,17.0,121,34,227,3.4,97,37,26,211,50,5.0,118,275:36,27:34,124,8,5,13,10,12,22,-9,-0.9
103,104,Hawaii (Mountain West),13,3-10,896,4456,4.97,29,342.8,117,863,5696,6.6,49,55,438.2,105,194,67,0.345,80,62,157,0.395,54,18,34,0.529,82,13,24,0.542,55,73,653,50.23,104,132,129,21,282,86,105,120,19,244,41,9,38,165,0,18.33,126,41,656,0,16.0,99,490,261,12,2672,5.45,10.24,13,205.5,66,235,368,2923,21,7.94,12.44,224.8,91,15,132,0,8.8,121,13,49,0,3.77,102,60,21,15,17,53,0.883,81,39,11,7,14,32,0.821,126,495,2773,5.6,28,213.3,86,406,1784,4.39,16,137.2,123,55,53,1,0,22,0,451,34.7,115,30,27,1,0,16,0,257,19.8,38,20,146,1.54,125,41,26,198,54,4.2,106,367:40,28:17,118,2,10,12,8,12,20,-8,-0.62
104,105,NC State (ACC),13,8-5,913,4418,4.84,31,339.8,20,851,4250,4.99,28,29,326.9,97,196,71,0.362,19,63,192,0.328,107,8,20,0.4,9,8,23,0.348,86,95,747,57.46,15,65,125,25,215,65,96,137,32,265,76,25,40,516,1,20.64,16,19,438,0,23.05,74,471,269,8,2939,6.24,10.93,23,226.1,71,264,461,2941,15,6.38,11.14,226.2,81,22,181,0,8.23,64,18,140,1,7.78,87,36,12,9,10,31,0.861,44,45,7,13,19,39,0.867,11,390,1309,3.36,13,100.7,110,442,1479,3.35,8,113.8,11,29,27,0,0,16,0,249,19.2,94,33,31,0,0,29,0,316,24.3,56,26,148,2.0,18,57,70,346,92,7.1,31,407:56,31:23,24,3,19,22,8,8,16,6,0.46
105,106,Old Dominion (Sun Belt),12,3-9,732,4073,5.56,27,339.4,118,927,5311,5.73,36,37,442.6,124,160,47,0.294,90,77,187,0.412,116,8,22,0.364,109,16,26,0.615,104,81,730,60.83,106,130,126,27,283,123,55,120,17,192,66,26,22,525,0,20.19,71,25,494,0,19.76,51,421,237,7,2966,7.05,12.51,19,247.2,94,232,358,2931,17,8.19,12.63,244.2,13,18,55,0,3.06,60,15,120,0,8.0,12,47,14,7,14,35,0.745,106,28,5,9,8,22,0.786,118,569,2380,4.18,19,198.3,125,311,1107,3.56,8,92.2,64,37,35,0,0,20,1,319,26.6,116,29,28,1,0,10,0,234,19.5,103,35,218,2.92,53,47,54,301,74,6.2,130,302:20,25:12,67,7,12,19,12,7,19,0,0.0
106,107,Northwestern (Big Ten),12,1-11,886,4025,4.54,21,335.4,63,809,4497,5.56,41,43,374.8,85,193,72,0.373,97,69,165,0.418,77,19,40,0.475,129,12,17,0.706,19,55,490,40.83,45,125,98,21,244,100,94,114,20,228,4,20,8,297,0,14.85,119,11,184,0,16.73,94,417,245,17,2524,6.05,10.3,10,210.3,13,185,312,2201,17,7.05,11.9,183.4,75,13,98,0,7.54,128,8,19,0,2.38,110,44,19,11,9,39,0.886,118,33,11,7,7,25,0.758,110,497,2296,4.62,24,191.3,98,469,1501,3.2,11,125.1,83,43,43,0,0,13,0,340,28.3,128,21,18,0,0,7,0,165,13.8,47,21,130,1.75,113,42,26,213,55,4.6,84,348:18,29:01,131,6,6,12,14,17,31,-19,-1.58
107,108,Bowling Green (MAC),13,6-7,853,4353,5.1,33,334.8,103,938,5455,5.82,51,54,419.6,110,188,64,0.34,124,94,200,0.47,92,11,25,0.44,59,13,27,0.481,126,102,916,70.46,100,115,146,20,281,101,81,126,20,227,92,34,16,734,0,21.59,22,38,863,1,22.71,63,438,266,11,3051,6.97,11.47,25,234.7,99,281,434,3259,29,7.51,11.6,250.7,17,15,57,0,3.8,11,11,156,2,14.18,62,53,19,17,8,44,0.83,115,39,7,13,10,30,0.769,92,504,2196,4.36,22,168.9,121,415,1302,3.14,8,100.2,114,54,50,5,0,13,0,423,32.5,98,38,34,4,0,11,1,305,23.5,99,37,243,2.85,28,68,40,353,88,6.8,81,378:02,29:05,67,13,10,23,12,11,23,0,0.0
108,109,New Mexico St. (FBS Independent),13,7-6,758,4298,5.67,43,330.6,30,872,4372,5.01,35,37,336.3,70,164,64,0.39,57,66,177,0.373,8,11,16,0.688,74,12,23,0.522,80,85,736,56.62,61,109,122,23,254,105,95,91,31,217,120,34,24,819,1,24.09,102,15,267,0,17.8,120,305,159,13,2199,7.21,13.83,18,169.2,16,221,376,2429,14,6.46,10.99,186.8,5,14,31,0,2.21,75,23,159,0,6.91,49,44,15,10,11,36,0.818,41,38,21,7,5,33,0.868,65,496,1943,3.92,21,149.5,57,453,2099,4.63,25,161.5,47,37,36,0,0,17,1,311,23.9,82,44,41,0,0,8,1,331,25.5,23,16,119,1.23,66,59,32,280,75,5.8,104,369:07,28:24,101,7,7,14,6,13,19,-5,-0.38
109,110,Indiana (Big Ten),12,4-8,879,3939,4.48,31,328.2,119,916,5391,5.89,49,53,449.2,111,191,64,0.335,104,78,184,0.424,115,9,24,0.375,36,8,18,0.444,33,60,543,45.25,90,104,149,23,276,98,81,117,32,230,111,18,30,417,0,23.17,8,30,717,2,23.9,87,483,261,13,2609,5.4,10.0,16,217.4,120,262,409,3290,30,8.04,12.56,274.2,92,27,238,1,8.81,119,11,44,0,4.0,29,55,15,19,9,43,0.782,121,43,10,12,10,32,0.744,99,507,2101,4.14,19,175.1,112,396,1330,3.36,15,110.8,120,53,50,0,0,13,0,407,33.9,99,34,27,2,0,14,1,279,23.2,114,38,294,3.17,89,44,37,265,62,5.2,129,306:45,25:34,97,7,7,14,5,13,18,-4,-0.33
110,111,Navy (AAC),12,4-8,834,3922,4.7,31,326.8,32,703,4068,5.79,32,34,339.0,84,196,74,0.378,44,55,154,0.357,25,23,38,0.605,99,11,19,0.579,2,46,376,31.33,3,64,110,13,187,114,159,35,17,211,2,24,14,342,0,14.25,76,22,431,0,19.59,129,126,54,6,1028,8.16,19.04,9,85.7,98,220,348,3001,25,8.62,13.64,250.1,31,17,83,1,4.88,44,16,147,0,9.19,109,35,5,11,15,31,0.886,82,33,16,1,10,27,0.818,3,355,1067,3.01,7,88.9,4,708,2894,4.09,22,241.2,52,34,32,1,0,18,0,292,24.3,105,32,26,2,0,13,1,263,21.9,10,12,60,1.0,39,55,46,318,78,6.5,2,415:36,34:38,46,11,8,19,10,6,16,3,0.25
111,112,ULM (Sun Belt),12,4-8,750,3912,5.22,32,326.0,110,829,5133,6.19,46,53,427.8,55,167,67,0.401,107,73,171,0.427,121,5,15,0.333,48,13,28,0.464,31,59,537,44.75,68,117,127,14,258,108,87,101,26,214,130,22,22,649,1,29.5,106,29,511,0,17.62,101,332,221,7,2464,7.42,11.15,16,205.3,78,230,346,2792,17,8.07,12.14,232.7,128,27,477,3,17.67,114,5,22,1,4.4,112,53,26,10,11,47,0.887,34,33,13,8,8,29,0.879,115,483,2341,4.85,29,195.1,104,418,1448,3.46,16,120.7,122,53,53,0,0,14,0,413,34.4,103,34,32,1,0,10,0,268,22.3,103,35,222,2.92,68,56,24,257,68,5.7,72,353:49,29:29,116,2,6,8,8,7,15,-7,-0.58
112,113,Texas St. (Sun Belt),12,4-8,827,3902,4.72,28,325.2,49,822,4333,5.27,36,39,361.1,90,185,68,0.368,42,62,175,0.354,121,7,21,0.333,102,17,29,0.586,30,59,536,44.67,18,72,133,16,221,110,79,111,23,213,46,35,18,655,0,18.71,111,25,434,0,17.36,80,444,275,10,2653,5.98,9.65,19,221.1,95,272,419,2939,18,7.01,10.81,244.9,68,13,93,0,7.15,52,16,140,0,8.75,42,41,15,8,10,33,0.805,11,35,7,13,12,32,0.914,22,403,1394,3.46,18,116.2,120,383,1249,3.26,9,104.1,63,39,36,1,0,14,1,316,26.3,111,30,28,0,0,15,0,253,21.1,77,27,205,2.25,43,58,38,287,77,6.4,57,365:27,30:27,46,9,11,20,7,10,17,3,0.25
113,114,San Diego St. (Mountain West),13,7-6,814,4224,5.19,26,324.9,16,852,4195,4.92,34,34,322.7,123,177,52,0.294,37,64,183,0.35,4,15,21,0.714,5,4,13,0.308,95,96,772,59.38,23,85,121,20,226,118,88,106,12,206,74,24,38,493,0,20.54,59,37,753,1,20.35,117,343,186,14,2360,6.88,12.69,15,181.5,39,255,416,2715,21,6.53,10.65,208.8,60,27,178,0,6.59,77,24,162,3,6.75,3,42,9,13,7,29,0.69,74,35,5,8,16,29,0.829,20,436,1480,3.39,13,113.8,72,471,1864,3.96,11,143.4,19,34,31,1,0,10,0,267,20.5,108,31,31,0,0,20,1,279,21.5,65,27,171,2.08,24,62,54,420,89,6.8,40,402:39,30:58,101,7,13,20,11,14,25,-5,-0.38
114,115,Georgia Tech (ACC),12,5-7,807,3898,4.83,23,324.8,85,866,4812,5.56,37,42,401.0,122,180,55,0.306,68,66,171,0.386,121,8,24,0.333,115,14,22,0.636,60,69,623,51.92,86,128,115,31,274,111,86,107,19,212,64,21,24,422,0,20.1,48,13,273,0,21.0,109,381,219,9,2306,6.05,10.53,10,192.2,47,213,366,2549,17,6.96,11.97,212.4,130,37,686,3,18.54,39,9,84,0,9.33,40,46,16,8,13,37,0.804,127,38,10,5,12,27,0.711,108,500,2263,4.53,20,188.6,91,426,1592,3.74,13,132.7,84,42,39,1,0,16,0,341,28.4,125,24,20,0,0,14,0,206,17.2,117,39,239,3.25,50,62,26,286,75,6.2,103,341:30,28:27,6,13,11,24,4,9,13,11,0.92
115,116,Kentucky (SEC),13,7-6,813,4221,5.19,30,324.7,12,780,4048,5.19,26,29,311.4,108,170,58,0.341,23,57,171,0.333,22,16,26,0.615,19,12,30,0.4,14,74,514,39.54,6,86,98,13,197,99,90,116,23,229,119,14,44,334,0,23.86,92,27,506,1,18.74,95,349,224,13,2710,7.77,12.1,21,208.5,7,206,347,2220,10,6.4,10.78,170.8,120,11,150,0,13.64,105,23,114,0,4.96,49,33,12,6,9,27,0.818,104,47,8,17,12,37,0.787,49,433,1828,4.22,16,140.6,108,464,1511,3.26,9,116.2,13,29,23,2,0,15,2,250,19.2,112,32,25,0,0,16,0,265,20.4,127,47,318,3.62,123,40,30,231,55,4.2,11,431:11,33:10,80,7,10,17,6,13,19,-2,-0.15
116,117,FIU (C-USA),12,4-8,824,3885,4.71,27,323.8,120,897,5425,6.05,55,58,452.1,126,173,50,0.289,128,90,182,0.495,98,15,35,0.429,76,11,21,0.524,64,74,640,53.33,111,120,142,29,291,108,72,125,17,214,99,18,23,398,0,22.11,61,35,712,0,20.34,85,468,271,16,2625,5.61,9.69,16,218.8,109,266,404,3124,24,7.73,11.74,260.3,101,10,101,0,10.1,126,11,31,0,2.82,70,62,26,13,13,52,0.839,130,34,9,10,4,23,0.676,111,493,2301,4.67,31,191.8,119,356,1260,3.54,11,105.0,127,58,53,1,0,14,1,447,37.2,121,29,23,2,0,7,1,224,18.7,34,18,114,1.5,61,56,30,252,71,5.9,122,327:09,27:16,109,9,7,16,6,16,22,-6,-0.5
117,118,Arkansas St. (Sun Belt),12,3-9,777,3777,4.86,32,314.8,90,835,4861,5.82,48,50,405.1,125,167,49,0.293,51,63,173,0.364,34,14,24,0.583,117,16,25,0.64,74,69,663,55.25,53,114,110,25,249,118,66,123,17,206,34,25,27,451,0,18.04,35,51,1106,1,21.69,73,396,247,5,2719,6.87,11.01,16,226.6,90,212,351,2912,25,8.3,13.74,242.7,61,26,174,0,6.69,90,16,96,0,6.0,123,36,17,10,6,33,0.917,8,36,13,9,11,33,0.917,82,484,1949,4.03,23,162.4,128,381,1058,2.78,16,88.2,107,50,42,3,0,9,1,377,31.4,85,35,31,1,0,17,3,300,25.0,114,38,274,3.17,44,52,48,242,76,6.3,85,347:55,29:00,46,6,6,12,4,5,9,3,0.25
118,119,Wyoming (Mountain West),13,7-6,783,4077,5.21,27,313.6,57,900,4816,5.35,36,37,370.5,104,175,61,0.349,64,73,191,0.382,128,2,7,0.286,87,10,18,0.556,11,56,488,37.54,63,115,121,19,255,117,112,81,15,208,106,30,28,679,0,22.63,56,15,309,0,20.6,125,304,156,12,1719,5.65,11.02,11,132.2,51,261,433,2821,19,6.52,10.81,217.0,107,26,284,1,10.92,119,5,20,1,4.0,83,47,15,13,12,40,0.851,14,32,11,5,13,29,0.906,73,467,1995,4.27,17,153.5,44,479,2358,4.92,16,181.4,47,37,35,1,0,16,2,311,23.9,110,30,28,1,0,22,0,276,21.2,30,19,147,1.46,72,59,28,310,73,5.6,80,378:21,29:06,80,8,6,14,4,12,16,-2,-0.15
119,120,Virginia Tech (ACC),11,3-8,734,3448,4.7,24,313.5,56,755,4074,5.4,28,31,370.4,119,159,50,0.314,30,56,164,0.341,98,6,14,0.429,112,10,16,0.625,93,81,643,58.45,20,88,107,28,223,123,71,99,22,192,128,13,32,353,1,27.15,85,27,516,0,19.11,103,346,203,9,2236,6.46,11.01,9,203.3,83,222,374,2587,13,6.92,11.65,235.2,11,11,32,0,2.91,47,23,209,2,9.09,118,38,11,8,15,34,0.895,79,28,14,4,5,23,0.821,43,381,1487,3.9,15,135.2,113,388,1212,3.12,15,110.2,54,31,27,0,0,19,1,272,24.7,118,27,23,0,0,9,0,212,19.3,109,33,227,3.0,29,48,52,258,74,6.7,87,318:05,28:55,114,5,4,9,6,9,15,-6,-0.55
120,121,Boston College (ACC),12,3-9,803,3723,4.64,27,310.2,67,806,4534,5.63,44,45,377.8,115,174,57,0.328,55,60,162,0.37,89,8,18,0.444,2,3,15,0.2,47,72,582,48.5,38,99,116,25,240,121,65,121,16,202,129,21,16,608,1,28.95,38,30,646,0,21.53,52,440,262,14,2965,6.74,11.32,21,247.1,44,205,348,2534,19,7.28,12.36,211.2,44,12,71,0,5.92,110,14,67,0,4.79,94,48,18,14,10,42,0.875,87,32,4,14,8,26,0.812,88,458,2000,4.37,25,166.7,131,363,758,2.09,6,63.2,100,45,38,1,0,18,0,364,30.3,122,27,24,0,0,9,0,213,17.8,129,46,360,3.83,26,61,42,293,82,6.8,86,347:29,28:57,125,8,7,15,12,14,26,-11,-0.92
121,122,Miami (OH) (MAC),13,6-7,820,3973,4.85,29,305.6,61,897,4851,5.41,34,35,373.2,120,185,58,0.314,84,75,187,0.401,62,11,22,0.5,77,10,19,0.526,44,71,627,48.23,70,99,140,24,263,103,100,96,26,222,79,25,25,525,1,21.0,122,18,299,0,16.61,122,337,184,5,2152,6.39,11.7,15,165.5,86,273,445,3084,17,6.93,11.3,237.2,12,23,69,0,3.0,76,22,152,0,6.91,100,42,14,12,11,37,0.881,103,39,11,9,11,31,0.795,44,452,1767,3.91,17,135.9,84,483,1821,3.77,14,140.1,35,35,33,0,0,17,0,294,22.6,113,30,27,0,0,18,1,263,20.2,105,38,237,2.92,117,46,24,239,58,4.5,59,394:24,30:20,12,11,11,22,7,5,12,10,0.77
122,123,Nevada (Mountain West),12,2-10,825,3656,4.43,26,304.7,81,814,4754,5.84,40,45,396.2,100,194,69,0.356,101,74,175,0.423,62,13,26,0.5,118,11,17,0.647,73,72,661,55.08,32,93,119,23,235,118,84,101,21,206,40,16,26,293,0,18.31,83,33,636,0,19.27,113,398,217,8,2227,5.6,10.26,7,185.6,75,214,356,2779,17,7.81,12.99,231.6,98,15,146,0,9.73,69,13,93,0,7.15,47,43,15,8,12,35,0.814,74,35,17,2,10,29,0.829,85,458,1975,4.31,23,164.6,105,427,1429,3.35,19,119.1,103,45,43,1,0,18,1,371,30.9,120,27,25,0,0,13,0,226,18.8,96,34,198,2.83,44,63,26,282,76,6.3,102,341:49,28:29,53,8,11,19,9,8,17,2,0.17
123,124,UConn (FBS Independent),13,6-7,801,3942,4.92,30,303.2,70,898,4946,5.51,39,43,380.5,88,179,66,0.369,108,74,173,0.428,110,7,18,0.389,4,7,25,0.28,97,92,780,60.0,100,131,123,27,281,115,124,65,21,210,81,33,17,694,0,21.03,80,30,583,0,19.43,127,276,157,10,1459,5.29,9.29,10,112.2,43,248,396,2740,15,6.92,11.05,210.8,102,20,207,3,10.35,100,16,83,0,5.19,68,49,20,11,10,41,0.837,74,35,14,6,9,29,0.829,93,502,2206,4.39,24,169.7,33,525,2483,4.73,20,191.0,62,43,39,0,0,14,1,341,26.2,117,31,28,1,0,12,0,252,19.4,29,18,120,1.38,102,44,40,270,64,4.9,56,395:58,30:28,67,9,13,22,12,10,22,0,0.0
124,125,Western Mich. (MAC),12,5-7,800,3623,4.53,24,301.9,39,778,4226,5.43,33,34,352.2,120,185,58,0.314,16,50,158,0.316,72,13,27,0.481,13,7,19,0.368,109,80,755,62.92,17,85,105,27,217,122,84,91,26,201,104,29,16,654,0,22.55,77,34,664,1,19.53,121,335,167,13,1988,5.93,11.9,10,165.7,45,203,351,2545,15,7.25,12.54,212.1,34,22,119,0,5.41,111,10,47,0,4.7,35,45,16,8,12,36,0.8,123,33,11,3,10,24,0.727,48,427,1681,3.94,18,140.1,89,465,1635,3.52,14,136.2,50,34,34,0,0,17,0,289,24.1,119,27,21,2,0,13,1,228,19.0,123,42,238,3.5,33,62,36,323,80,6.7,58,365:23,30:27,38,14,11,25,8,13,21,4,0.33
125,126,Colorado St. (Mountain West),12,3-9,707,3429,4.85,16,285.8,42,828,4260,5.14,39,41,355.0,130,151,34,0.225,59,62,164,0.378,109,13,33,0.394,126,13,19,0.684,100,83,725,60.42,41,114,110,18,242,129,66,95,15,176,20,6,30,103,0,17.17,118,19,319,0,16.79,106,322,203,11,2361,7.33,11.63,12,196.8,19,219,355,2297,15,6.47,10.49,191.4,37,14,78,0,5.57,25,17,181,1,10.65,128,44,23,10,8,41,0.932,131,23,2,3,7,12,0.522,84,473,1963,4.15,24,163.6,127,385,1068,2.77,4,89.0,70,41,41,0,0,12,0,323,26.9,129,19,14,0,0,10,0,158,13.2,131,59,399,4.92,74,49,34,249,66,5.5,73,353:43,29:29,105,7,8,15,9,11,20,-5,-0.42
126,127,Rutgers (Big Ten),12,4-8,763,3385,4.44,22,282.1,38,811,4197,5.18,38,45,349.8,127,172,49,0.285,28,58,170,0.341,54,9,17,0.529,121,16,24,0.667,116,94,770,64.17,34,97,111,28,236,128,86,83,9,178,124,23,17,577,2,25.09,51,26,541,0,20.81,124,332,168,14,1847,5.56,10.99,11,153.9,35,224,381,2482,15,6.51,11.08,206.8,1,8,-11,0,-1.38,68,12,89,1,7.42,131,41,21,8,10,39,0.951,106,28,7,8,7,22,0.786,54,430,1715,3.99,23,142.9,95,431,1538,3.57,11,128.2,95,45,45,0,0,12,0,351,29.2,124,25,23,0,0,12,0,209,17.4,75,26,175,2.17,77,51,28,250,65,5.4,78,350:16,29:11,109,5,9,14,6,14,20,-6,-0.5
127,128,Colorado (Pac-12),12,1-11,747,3375,4.52,21,281.2,130,850,6117,7.2,70,72,509.8,118,164,52,0.317,131,76,143,0.531,118,11,31,0.355,56,11,23,0.478,45,64,579,48.25,121,150,145,14,309,125,86,86,19,191,126,10,34,255,0,25.5,40,35,750,0,21.43,118,360,179,10,2075,5.76,11.59,10,172.9,113,245,365,3176,31,8.7,12.96,264.7,85,34,283,1,8.32,8,11,177,1,16.09,84,68,31,21,6,58,0.853,117,29,9,6,7,22,0.759,131,485,2941,6.06,39,245.1,115,387,1300,3.36,11,108.3,131,72,69,1,0,9,2,534,44.5,127,22,20,0,0,11,0,185,15.4,53,23,175,1.92,126,41,16,166,49,4.1,120,328:42,27:24,125,5,6,11,12,10,22,-11,-0.92
128,129,Massachusetts (FBS Independent),12,1-11,797,3189,4.0,14,265.8,55,731,4435,6.07,46,48,369.6,128,194,55,0.284,12,43,139,0.309,97,13,30,0.433,78,9,17,0.529,122,91,800,66.67,25,103,88,36,227,130,94,62,19,175,32,25,13,450,0,18.0,91,34,638,0,18.76,126,277,136,14,1403,5.06,10.32,4,116.9,9,143,265,2103,17,7.94,14.71,175.2,51,23,143,0,6.22,43,10,92,0,9.2,110,44,22,8,9,39,0.886,95,25,8,2,10,20,0.8,114,466,2332,5.0,29,194.3,68,520,1786,3.43,10,148.8,104,48,46,0,0,13,0,373,31.1,131,16,13,1,0,13,0,150,12.5,71,25,169,2.08,59,50,44,223,72,6.0,16,389:07,32:26,91,8,9,17,6,14,20,-3,-0.25
129,130,Iowa (Big Ten),13,8-5,772,3271,4.24,19,251.6,2,883,3520,3.99,17,18,270.8,129,176,49,0.278,11,64,209,0.306,121,5,15,0.333,112,20,32,0.625,5,53,425,32.69,10,91,99,13,203,127,72,94,14,180,17,18,31,305,0,16.94,31,20,443,0,22.15,123,349,192,7,2037,5.84,10.61,7,156.7,6,245,418,2203,13,5.27,8.99,169.5,24,21,92,0,4.38,33,31,300,0,9.68,32,34,4,10,13,27,0.794,85,27,7,5,10,22,0.815,12,465,1317,2.83,4,101.3,124,423,1234,2.92,12,94.9,2,18,17,0,0,16,0,173,13.3,123,25,25,0,0,17,2,230,17.7,105,38,277,2.92,30,60,54,376,87,6.7,105,368:16,28:20,24,8,15,23,10,7,17,6,0.46
130,131,New Mexico (Mountain West),12,2-10,694,2737,3.94,15,228.1,46,780,4322,5.54,34,38,360.2,131,159,35,0.22,29,57,167,0.341,130,4,15,0.267,127,16,23,0.696,58,73,614,51.17,14,99,92,22,213,131,92,49,19,160,96,14,20,308,0,22.0,28,25,560,1,22.4,128,255,137,9,1259,4.94,9.19,3,104.9,28,195,320,2433,15,7.6,12.48,202.8,63,26,176,1,6.77,83,17,110,0,6.47,126,29,13,4,10,27,0.931,106,28,11,2,9,22,0.786,76,460,1889,4.11,19,157.4,101,439,1478,3.37,12,123.2,60,38,37,1,0,15,0,312,26.0,130,17,16,0,0,13,0,157,13.1,126,43,250,3.58,90,42,40,252,62,5.2,83,348:27,29:02,38,9,9,18,5,9,14,4,0.33
